Rank;Sourceid;Title;Type;Issn;Publisher;Open Access;Open Access Diamond;SJR;SJR Best Quartile;H index;Total Docs. (2025);Total Docs. (3years);Total Refs.;Total Citations (3years);Citable Docs. (3years);Citations / Doc. (2years);Ref. / Doc.;%Female;Overton;Country;Region;Publisher;Coverage;Categories;Areas
1;21101060255;"Novum Jus";journal;"16926013, 25008692";"Universidad Catolica de Colombia";Yes;Yes;0,914;Q1;10;47;140;2344;197;131;1,38;49,87;36,11;0;Colombia;Latin America;"Universidad Catolica de Colombia";"2019-2025";"Law (Q1); Sociology and Political Science (Q1)";"Social Sciences"
2;21101072371;"Via Inveniendi et Iudicandi";journal;"19090528";"Universidad de Santo Tomas";Yes;Yes;0,640;Q1;7;12;71;525;57;69;0,75;43,75;20,00;0;Colombia;Latin America;"Universidad de Santo Tomas";"2019-2025";"Law (Q1)";"Social Sciences"
3;21100407145;"Investigacion y Educacion en Enfermeria";journal;"22160280, 01205307";"Facultad de Enfermeria de la Universidad de Antioquia";Yes;Yes;0,572;Q1;26;51;143;1554;309;131;1,67;30,47;63,22;0;Colombia;Latin America;"Facultad de Enfermeria de la Universidad de Antioquia";"2012-2025";"Maternity and Midwifery (Q1); Community and Home Care (Q2); Family Practice (Q2); Health (social science) (Q2); Nursing (miscellaneous) (Q2); Geriatrics and Gerontology (Q3)";"Medicine; Nursing; Social Sciences"
4;14730;"Revista Latinoamericana de Psicologia";journal;"01200534";"Konrad Lorenz Editores";Yes;Yes;0,535;Q2;38;7;82;358;123;82;1,38;51,14;39,39;0;Colombia;Latin America;"Konrad Lorenz Editores";"1980, 1984, 1992, 1996-2025";"Psychology (miscellaneous) (Q2); Social Sciences (miscellaneous) (Q2)";"Psychology; Social Sciences"
5;21100996939;"Revista Cientifica General Jose Maria Cordova";journal;"19006586, 25007645";"Escuela Militar de Cadetes";Yes;Yes;0,400;Q2;10;45;164;2113;158;150;0,80;46,96;24,36;0;Colombia;Latin America;"Escuela Militar de Cadetes";"2011-2013, 2015-2026";"Law (Q2); Political Science and International Relations (Q2); Public Administration (Q2); Safety Research (Q2); Safety, Risk, Reliability and Quality (Q2); Social Sciences (miscellaneous) (Q2); Sociology and Political Science (Q2)";"Engineering; Social Sciences"
6;21100886398;"Profile: Issues in Teachers' Professional Development";journal;"16570790, 22565760";"Universidad Nacional de Colombia";Yes;Yes;0,370;Q1;16;26;88;1069;109;82;1,25;41,12;53,33;0;Colombia;Latin America;"Universidad Nacional de Colombia";"2018-2026";"Linguistics and Language (Q1); Education (Q3)";"Social Sciences"
7;21100432126;"Revista Derecho del Estado";journal;"23462051, 01229893";"Universidad Externado de Colombia";Yes;Yes;0,359;Q2;10;39;133;1692;77;129;0,72;43,38;36,96;0;Colombia;Latin America;"Universidad Externado de Colombia";"2015-2026";"Law (Q2)";"Social Sciences"
8;21100200401;"International Journal of Psychological Research";journal;"20117922, 20112084";"Universidad de San Buenaventura";Yes;Yes;0,341;Q3;23;20;69;1042;90;65;1,15;52,10;37,50;0;Colombia;Latin America;"Universidad de San Buenaventura";"2011-2025";"Psychology (miscellaneous) (Q3)";"Psychology"
9;21100940999;"Revista Latinoamericana de Ciencias Sociales, Ninez y Juventud";journal;"20277679, 1692715X";"Revista Latinoamericana de Ciencias Sociales";Yes;Yes;0,340;Q2;11;49;174;2662;152;172;0,75;54,33;58,27;0;Colombia;Latin America;"Revista Latinoamericana de Ciencias Sociales";"2019-2025";"Social Sciences (miscellaneous) (Q2); Developmental and Educational Psychology (Q3)";"Psychology; Social Sciences"
10;21100264819;"Vniversitas";journal;"00419060, 20111711";"Pontificia Universidad Javeriana";Yes;Yes;0,329;Q2;7;25;62;2172;22;61;0,22;86,88;33,33;0;Colombia;Latin America;"Pontificia Universidad Javeriana";"2012-2025";"Law (Q2)";"Social Sciences"
11;19200157116;"Ornitologia Colombiana";journal;"17940915";"Asociacion Colombiana de Ornitologia";No;No;0,329;Q3;12;6;44;125;33;37;0,53;20,83;5,88;0;Colombia;Latin America;"Asociacion Colombiana de Ornitologia";"2009-2013, 2015-2017, 2019-2025";"Animal Science and Zoology (Q3); Ecology, Evolution, Behavior and Systematics (Q3)";"Agricultural and Biological Sciences"
12;5600155211;"Historia Critica";journal;"19006152, 01211617";"Universidad de los Andes, Colombia";Yes;Yes;0,302;Q1;15;23;67;1057;32;67;0,62;45,96;46,67;0;Colombia;Latin America;"Universidad de los Andes, Colombia";"2002-2025";"Cultural Studies (Q1); History (Q1); Social Sciences (miscellaneous) (Q2); Geography, Planning and Development (Q3)";"Arts and Humanities; Social Sciences"
13;19700169822;"Ikala";journal;"01233432";"Universidad de Antioquia";Yes;Yes;0,297;Q1;15;37;116;1871;113;115;0,72;50,57;60,29;0;Colombia;Latin America;"Universidad de Antioquia";"2013-2025";"Cultural Studies (Q1); Literature and Literary Theory (Q1); Linguistics and Language (Q2); Education (Q3)";"Arts and Humanities; Social Sciences"
14;21101215777;"Justicia (Barranquilla)";journal;"25904566, 01247441";"Simon Bolivar University (Barranquilla)";Yes;Yes;0,296;Q2;5;27;98;1134;41;96;0,48;42,00;37,78;0;Colombia;Latin America;"Simon Bolivar University (Barranquilla)";"2020-2025";"Political Science and International Relations (Q2); Sociology and Political Science (Q2)";"Social Sciences"
15;21100897721;"Revista Colombiana de Educacion";journal;"23230134, 01203916";"Research Center of Universidad Pedagogica Nacional";Yes;Yes;0,293;Q3;9;64;170;3034;128;169;0,66;47,41;48,94;0;Colombia;Latin America;"Research Center of Universidad Pedagogica Nacional";"2018-2026";"Education (Q3)";"Social Sciences"
16;21100820898;"Tropical Grasslands-Forrajes Tropicales";journal;"23463775";"Centro Internacional de Agricultura Tropical (CIAT)";Yes;Yes;0,286;Q3;32;8;69;291;82;69;1,11;36,38;31,82;0;Colombia;Latin America;"Centro Internacional de Agricultura Tropical (CIAT)";"2013-2025";"Agronomy and Crop Science (Q3); Ecology, Evolution, Behavior and Systematics (Q3); Plant Science (Q3)";"Agricultural and Biological Sciences"
17;10600153356;"Acta Colombiana de Psicologia";journal;"19099711, 01239155";"Universidad Catolica de Colombia";Yes;Yes;0,284;Q3;19;20;85;1304;91;78;0,98;65,20;47,14;0;Colombia;Latin America;"Universidad Catolica de Colombia";"2007-2025";"Psychiatry and Mental Health (Q3); Psychology (miscellaneous) (Q3)";"Medicine; Psychology"
18;5600155076;"Revista de Estudios Sociales";journal;"19005180, 0123885X";"Universidad de los Andes, Colombia";Yes;Yes;0,279;Q1;22;36;95;1913;101;95;1,00;53,14;38,46;0;Colombia;Latin America;"Universidad de los Andes, Colombia";"2007, 2009-2026";"Cultural Studies (Q1); History (Q1); Arts and Humanities (miscellaneous) (Q2); Gender Studies (Q2); Social Sciences (miscellaneous) (Q2); Sociology and Political Science (Q3)";"Arts and Humanities; Social Sciences"
19;77291;"Biomedica";journal;"01204157, 25907379";"Instituto Nacional de Salud";Yes;Yes;0,271;Q3;37;84;277;2297;240;258;0,76;27,35;51,45;0;Colombia;Latin America;"Instituto Nacional de Salud";"2001-2025";"Biochemistry, Genetics and Molecular Biology (miscellaneous) (Q3); Medicine (miscellaneous) (Q3)";"Biochemistry, Genetics and Molecular Biology; Medicine"
20;21100258403;"Mutatis Mutandis";journal;"2011799X";"Universidad de Antioquia";Yes;Yes;0,270;Q2;9;28;82;1481;35;75;0,36;52,89;70,45;0;Colombia;Latin America;"Universidad de Antioquia";"2013-2025";"Linguistics and Language (Q2)";"Social Sciences"
21;21100200415;"Revista Colombiana de Psicologia";journal;"23448644, 01215469";"Universidad Nacional de Colombia";Yes;Yes;0,268;Q3;16;18;37;991;28;37;0,70;55,06;53,62;0;Colombia;Latin America;"Universidad Nacional de Colombia";"2011-2025";"Psychology (miscellaneous) (Q3); Social Sciences (miscellaneous) (Q3)";"Psychology; Social Sciences"
22;19700188499;"Suma Psicologica";journal;"21459797, 01214381";"Konrad Lorenz Editores";Yes;Yes;0,248;Q3;20;11;48;617;39;48;0,63;56,09;50,00;0;Colombia;Latin America;"Konrad Lorenz Editores";"2010-2025";"Psychology (miscellaneous) (Q3)";"Psychology"
23;19900193899;"Aquichan";journal;"16575997, 20275374";"Universidad de La Sabana";Yes;Yes;0,247;Q2;16;23;96;887;75;84;0,58;38,57;73,24;0;Colombia;Latin America;"Universidad de La Sabana";"2010-2025";"Nurse Assisting (Q2); Critical Care Nursing (Q3); Research and Theory (Q3); Gerontology (Q4)";"Nursing"
24;7000153282;"Earth Sciences Research Journal";journal;"17946190, 23393459";"Universidad Nacional de Colombia";Yes;Yes;0,247;Q3;26;40;115;2236;108;115;0,97;55,90;25,41;0;Colombia;Latin America;"Universidad Nacional de Colombia";"2007-2025";"Earth and Planetary Sciences (miscellaneous) (Q3)";"Earth and Planetary Sciences"
25;21101089001;"Juridicas CUC";journal;"23897716, 16923030";"Universidad de la Costa";No;No;0,241;Q2;8;21;67;1022;54;64;0,76;48,67;41,86;0;Colombia;Latin America;"Universidad de la Costa";"2019-2025";"Law (Q2)";"Social Sciences"
26;5800169849;"Colombia Internacional";journal;"19006004, 01215612";"Universidad de los Andes, Colombia";Yes;Yes;0,239;Q1;18;20;85;1414;68;85;0,60;70,70;52,94;0;Colombia;Latin America;"Universidad de los Andes, Colombia";"2011-2026";"History (Q1); Political Science and International Relations (Q3); Sociology and Political Science (Q3)";"Arts and Humanities; Social Sciences"
27;5700167217;"Revista de Economia Institucional";journal;"01245996";"Universidad Externado de Colombia";Yes;Yes;0,237;Q3;15;27;73;1101;30;63;0,42;40,78;32,56;0;Colombia;Latin America;"Universidad Externado de Colombia";"2009-2025";"Economics, Econometrics and Finance (miscellaneous) (Q3)";"Economics, Econometrics and Finance"
28;26787;"Boletin de Investigaciones Marinas y Costeras";journal;"25904671, 01229761";"INVEMAR";Yes;Yes;0,236;Q2;18;19;62;919;42;62;0,76;48,37;32,65;0;Colombia;Latin America;"INVEMAR";"1998, 2001-2025";"Conservation (Q2); Museology (Q2); Animal Science and Zoology (Q3); Aquatic Science (Q3); Geography, Planning and Development (Q3); Law (Q3); Management, Monitoring, Policy and Law (Q3); Oceanography (Q3); Water Science and Technology (Q3)";"Agricultural and Biological Sciences; Arts and Humanities; Earth and Planetary Sciences; Environmental Science; Social Sciences"
29;21100244946;"Kepes";journal;"17947111";"Universidad de Caldas";Yes;Yes;0,233;Q1;7;20;91;791;37;85;0,34;39,55;48,72;0;Colombia;Latin America;"Universidad de Caldas";"2011-2025";"Visual Arts and Performing Arts (Q1)";"Arts and Humanities"
30;19700175084;"Revista Colombiana de Estadistica";journal;"01201751, 23898976";"Universidad Nacional de Colombia";Yes;Yes;0,228;Q4;25;37;58;1025;55;53;1,19;27,70;22,35;0;Colombia;Latin America;"Universidad Nacional de Colombia";"2001-2026";"Statistics and Probability (Q4)";"Mathematics"
31;21100215170;"Palabra Clave";journal;"01228285, 2027534X";"Universidad de La Sabana";Yes;Yes;0,220;Q2;18;39;107;1865;82;103;0,67;47,82;56,98;0;Colombia;Latin America;"Universidad de La Sabana";"2012-2026";"Arts and Humanities (miscellaneous) (Q2); Communication (Q3)";"Arts and Humanities; Social Sciences"
32;21100810443;"Ciencia Tecnologia Agropecuaria";journal;"01228706, 25005308";"Corporacion Colombiana de Investigacion Agropecuaria Corpoica";Yes;Yes;0,220;Q3;15;4;139;176;107;139;0,75;44,00;33,33;0;Colombia;Latin America;"Corporacion Colombiana de Investigacion Agropecuaria Corpoica";"2016-2025";"Agricultural and Biological Sciences (miscellaneous) (Q3)";"Agricultural and Biological Sciences"
33;21101152622;"Transactions on Energy Systems and Engineering Applications";journal;"27450120";"Universidad Tecnologica de Bolivar";Yes;Yes;0,220;Q3;7;28;59;968;57;53;1,04;34,57;26,32;0;Colombia;Latin America;"Universidad Tecnologica de Bolivar";"2020-2025";"Electrical and Electronic Engineering (Q3); Energy Engineering and Power Technology (Q4); Energy (miscellaneous) (Q4); Renewable Energy, Sustainability and the Environment (Q4)";"Energy; Engineering"
34;28167;"Revista Colombiana de Obstetricia y Ginecologia";journal;"00347434, 24630225";"Federacion Colombiana de Asociaciones de Obstetricia y Ginecologia (FECOLSOG)";Yes;Yes;0,217;Q3;12;33;94;627;44;61;0,45;19,00;45,83;0;Colombia;Latin America;"Federacion Colombiana de Asociaciones de Obstetricia y Ginecologia (FECOLSOG)";"1960, 1962-1971, 1973-1996, 2007-2026";"Obstetrics and Gynecology (Q3)";"Medicine"
35;21100798596;"Revista Facultad Nacional de Agronomia Medellin";journal;"03042847, 22487026";"Universidad Nacional de Colombia";Yes;Yes;0,217;Q3;17;50;136;1398;128;123;1,09;27,96;35,00;0;Colombia;Latin America;"Universidad Nacional de Colombia";"2016-2026";"Agricultural and Biological Sciences (miscellaneous) (Q3); Agronomy and Crop Science (Q3); Animal Science and Zoology (Q3); Food Science (Q3); Forestry (Q3); Horticulture (Q3)";"Agricultural and Biological Sciences"
36;21101021454;"Biota Colombiana";journal;"01245376, 2539200X";"Instituto de investigación de recursos biológicos Alexander von humboldt";Yes;Yes;0,216;Q3;7;20;71;985;45;70;0,49;49,25;39,47;0;Colombia;Latin America;"Instituto de investigación de recursos biológicos Alexander von humboldt";"2019-2025";"Animal Science and Zoology (Q3); Ecology (Q3); Nature and Landscape Conservation (Q3); Ecology, Evolution, Behavior and Systematics (Q4); Plant Science (Q4)";"Agricultural and Biological Sciences; Environmental Science"
37;21100902945;"Fronteras de la Historia";journal;"25394711, 20274688";"Instituto Colombiano de Antropologia e Historia";Yes;Yes;0,214;Q1;6;28;105;1241;43;102;0,34;44,32;46,67;0;Colombia;Latin America;"Instituto Colombiano de Antropologia e Historia";"2018-2026";"History (Q1)";"Arts and Humanities"
38;19700173003;"Ingenieria e Investigacion";journal;"22488723, 01205609";"Universidad Nacional de Colombia";Yes;Yes;0,214;Q3;22;37;127;1485;130;126;0,93;40,14;20,21;0;Colombia;Latin America;"Universidad Nacional de Colombia";"2009-2025";"Engineering (miscellaneous) (Q3); Building and Construction (Q4)";"Engineering"
39;79866;"Livestock Research for Rural Development";journal;"01213784";"Fundacion CIPAV";Yes;No;0,213;Q4;42;60;266;1738;176;266;0,58;28,97;25,53;0;Colombia;Latin America;"Fundacion CIPAV";"1996-2025";"Animal Science and Zoology (Q4)";"Agricultural and Biological Sciences"
40;21100224444;"Agronomia Colombiana";journal;"23573732, 01209965";"Universidad Nacional de Colombia";Yes;Yes;0,212;Q3;22;34;139;1622;119;132;0,72;47,71;37,89;0;Colombia;Latin America;"Universidad Nacional de Colombia";"2010, 2012-2025";"Agricultural and Biological Sciences (miscellaneous) (Q3); Agronomy and Crop Science (Q3); Forestry (Q3); Horticulture (Q3)";"Agricultural and Biological Sciences"
41;21100815415;"Colombia Forestal";journal;"01200739, 2256201X";"Universidad Distrital Francisco Jose de Caldas";Yes;Yes;0,209;Q3;11;18;44;970;31;44;0,60;53,89;30,65;0;Colombia;Latin America;"Universidad Distrital Francisco Jose de Caldas";"2016-2025";"Forestry (Q3); Nature and Landscape Conservation (Q3); Soil Science (Q4)";"Agricultural and Biological Sciences; Environmental Science"
42;21101163374;"Cuadernos de Linguistica Hispanica";journal;"23461829, 0121053X";"Universidad Pedagogica y Tecnologica de Colombia";Yes;Yes;0,208;Q2;4;21;63;646;23;63;0,40;30,76;36,00;0;Colombia;Latin America;"Universidad Pedagogica y Tecnologica de Colombia";"2019-2025";"Linguistics and Language (Q2)";"Social Sciences"
43;20000195049;"Magis";journal;"20271174, 20271182";"Pontificia Universidad Javeriana";Yes;Yes;0,206;Q3;18;29;80;1251;40;80;0,33;43,14;71,93;0;Colombia;Latin America;"Pontificia Universidad Javeriana";"2008-2025";"Education (Q3)";"Social Sciences"
44;21100244898;"Antipoda";journal;"19005407, 20114273";"Universidad de los Andes, Colombia";Yes;Yes;0,205;Q2;12;35;77;1720;36;77;0,58;49,14;40,00;0;Colombia;Latin America;"Universidad de los Andes, Colombia";"2013-2026";"Anthropology (Q2); Archeology (Q2); Archeology (arts and humanities) (Q2); Cultural Studies (Q2)";"Arts and Humanities; Social Sciences"
45;19700166903;"Universitas Scientiarum";journal;"20271352, 01227483";"Pontificia Universidad Javeriana";Yes;Yes;0,205;Q3;17;39;45;607;41;45;1,00;15,56;42,20;0;Colombia;Latin America;"Pontificia Universidad Javeriana";"2009-2025";"Multidisciplinary (Q3)";"Multidisciplinary"
46;19700170481;"Bitacora Urbano Territorial";journal;"01247913, 2027145X";"Universidad Nacional de Colombia";Yes;Yes;0,204;Q2;12;39;152;996;65;144;0,28;25,54;45,00;0;Colombia;Latin America;"Universidad Nacional de Colombia";"2009-2026";"Arts and Humanities (miscellaneous) (Q2); Geography, Planning and Development (Q3); Urban Studies (Q3)";"Arts and Humanities; Social Sciences"
47;21100897732;"Perseitas";journal;"23461780";"Universidad Catolica Luis Amigo";Yes;Yes;0,202;Q2;4;25;58;1120;13;53;0,18;44,80;22,50;0;Colombia;Latin America;"Universidad Catolica Luis Amigo";"2018-2025";"Arts and Humanities (miscellaneous) (Q2)";"Arts and Humanities"
48;21100824861;"Revista Colombiana de Reumatologia";journal;"01218123, 20279000";"Asociacion Colombiana de Reumatologia";Yes;No;0,202;Q3;13;83;238;2216;112;213;0,49;26,70;53,65;0;Colombia;Latin America;"Asociacion Colombiana de Reumatologia";"2009-2026";"Internal Medicine (Q3); Pharmaceutical Science (Q3); Rehabilitation (Q3); Immunology and Allergy (Q4); Rheumatology (Q4)";"Medicine; Pharmacology, Toxicology and Pharmaceutics"
49;21100897722;"Cuadernos de Geografia: Revista Colombiana de Geografia";journal;"0121215X, 22565442";"Universidad Nacional de Colombia";Yes;Yes;0,201;Q3;10;43;92;2063;49;86;0,34;47,98;40,40;0;Colombia;Latin America;"Universidad Nacional de Colombia";"2018-2025";"Geography, Planning and Development (Q3); Earth and Planetary Sciences (miscellaneous) (Q4); Environmental Science (miscellaneous) (Q4)";"Earth and Planetary Sciences; Environmental Science; Social Sciences"
50;19700169972;"Ensayos Sobre Politica Economica";journal;"01204483, 26651327";"Banco de la Republica";Yes;No;0,201;Q3;12;3;5;426;5;4;1,00;142,00;33,33;2;Colombia;Latin America;"Banco de la Republica";"2009-2025";"Political Science and International Relations (Q3); Economics and Econometrics (Q4)";"Economics, Econometrics and Finance; Social Sciences"
51;21100792502;"Trashumante";journal;"23229675, 23229381";"Universidad de Antioquia";Yes;Yes;0,198;Q2;7;21;88;724;25;87;0,29;34,48;65,22;0;Colombia;Latin America;"Universidad de Antioquia";"2013-2026";"History (Q2); Social Sciences (miscellaneous) (Q3)";"Arts and Humanities; Social Sciences"
52;21100970236;"Estudios Gerenciales";journal;"01235923, 26656744";"Universidad Icesi";Yes;Yes;0,196;Q4;24;19;116;1155;118;116;0,75;60,79;40,48;0;Colombia;Latin America;"Universidad Icesi";"2009-2026";"Business and International Management (Q4); Economics and Econometrics (Q4); Finance (Q4); Management of Technology and Innovation (Q4); Marketing (Q4); Strategy and Management (Q4)";"Business, Management and Accounting; Economics, Econometrics and Finance"
53;21100901169;"Revista CES Psicologia";journal;"20113080";"Universidad CES";Yes;Yes;0,196;Q4;10;28;98;1588;59;97;0,51;56,71;51,14;0;Colombia;Latin America;"Universidad CES";"2018-2025";"Psychology (miscellaneous) (Q4)";"Psychology"
54;21101105022;"Revista de Investigacion e Innovacion en Ciencias de la Salud";journal;"26652056";"Fundacion Universitaria Maria Cano";Yes;Yes;0,195;Q3;6;46;89;1864;64;83;0,85;40,52;49,44;0;Colombia;Latin America;"Fundacion Universitaria Maria Cano";"2019-2026";"Health Professions (miscellaneous) (Q3); Occupational Therapy (Q3); Physical Therapy, Sports Therapy and Rehabilitation (Q4); Public Health, Environmental and Occupational Health (Q4); Speech and Hearing (Q4)";"Health Professions; Medicine"
55;19700170837;"Vitae";journal;"21452660, 01214004";"Universidad de Antioquia";Yes;No;0,195;Q3;21;14;39;502;41;39;1,04;35,86;71,43;0;Colombia;Latin America;"Universidad de Antioquia";"2009-2025";"Pharmacology, Toxicology and Pharmaceutics (miscellaneous) (Q3); Applied Microbiology and Biotechnology (Q4); Food Science (Q4)";"Agricultural and Biological Sciences; Immunology and Microbiology; Pharmacology, Toxicology and Pharmaceutics"
56;21100829925;"HiSTOReLo";journal;"2145132X";"Universidad Nacional de Colombia";Yes;Yes;0,193;Q2;6;25;72;1291;18;62;0,09;51,64;47,22;0;Colombia;Latin America;"Universidad Nacional de Colombia";"2013-2026";"Cultural Studies (Q2); History (Q2); Pharmacology, Toxicology and Pharmaceutics (miscellaneous) (Q3); Social Sciences (miscellaneous) (Q3)";"Arts and Humanities; Pharmacology, Toxicology and Pharmaceutics; Social Sciences"
57;20059;"Caldasia";journal;"03665232";"Universidad Nacional de Colombia";Yes;Yes;0,191;Q3;21;28;174;1212;92;167;0,48;43,29;35,45;0;Colombia;Latin America;"Universidad Nacional de Colombia";"1981, 1983-1984, 1986, 1989, 1992-1993, 1995-1997, 2006, 2008-2025";"Agricultural and Biological Sciences (miscellaneous) (Q3)";"Agricultural and Biological Sciences"
58;12600154771;"DYNA (Colombia)";journal;"00127353";"Universidad Nacional de Colombia";Yes;Yes;0,191;Q4;32;83;288;2828;243;284;0,82;34,07;39,48;0;Colombia;Latin America;"Universidad Nacional de Colombia";"2008-2026";"Engineering (miscellaneous) (Q4)";"Engineering"
59;12400154740;"Revista Facultad de Ingenieria";journal;"01206230, 24222844";"Universidad de Antioquia";Yes;Yes;0,191;Q4;21;53;133;1832;87;124;0,55;34,57;34,59;0;Colombia;Latin America;"Universidad de Antioquia";"2008-2026";"Engineering (miscellaneous) (Q4)";"Engineering"
60;21100319039;"Discusiones Filosoficas";journal;"01246127";"Universidad de Caldas";Yes;Yes;0,190;Q2;6;12;55;394;12;51;0,22;32,83;22,22;0;Colombia;Latin America;"Universidad de Caldas";"2013-2025";"Philosophy (Q2)";"Arts and Humanities"
61;21101192682;"Nuevo Derecho";journal;"20114540, 2500672X";"University Institution of Envigado";Yes;Yes;0,189;Q3;3;10;43;489;12;37;0,24;48,90;28,57;0;Colombia;Latin America;"University Institution of Envigado";"2019-2025";"Law (Q3); Social Sciences (miscellaneous) (Q3)";"Social Sciences"
62;19700174720;"Revista Colombiana de Entomologia";journal;"01200488";"Sociedad Colombiana de Entomologia";Yes;Yes;0,189;Q4;25;15;60;816;32;60;0,39;54,40;34,48;0;Colombia;Latin America;"Sociedad Colombiana de Entomologia";"2004-2025";"Insect Science (Q4)";"Agricultural and Biological Sciences"
63;99288;"Colombia Medica";journal;"16579534, 01208322";"Facultad de Salud de la Universidad del Valle";Yes;Yes;0,188;Q4;30;18;87;534;88;70;1,16;29,67;49,40;0;Colombia;Latin America;"Facultad de Salud de la Universidad del Valle";"1946, 1990, 1996-2002, 2004-2025";"Medicine (miscellaneous) (Q4)";"Medicine"
64;21100317205;"Infectio";journal;"24223794, 01239392";"Asociacion Colombiana de Infectologia";Yes;No;0,187;Q4;14;45;119;1096;49;107;0,44;24,36;49,25;0;Colombia;Latin America;"Asociacion Colombiana de Infectologia";"2012-2025";"Infectious Diseases (Q4); Microbiology (medical) (Q4); Pharmacology (medical) (Q4)";"Medicine"
65;5600152973;"Analisis Politico";journal;"01214705";"Universidad Nacional de Colombia";Yes;No;0,186;Q2;14;26;70;1363;41;65;0,67;52,42;19,44;0;Colombia;Latin America;"Universidad Nacional de Colombia";"1996, 2007-2012, 2014-2025";"History (Q2); Political Science and International Relations (Q3); Sociology and Political Science (Q3)";"Arts and Humanities; Social Sciences"
66;21100888590;"Revista Interamericana de Bibliotecologia";journal;"25389866, 01200976";"Escuela Interamericana de Bibliotecologia";Yes;Yes;0,185;Q3;12;22;64;700;30;58;0,51;31,82;54,55;0;Colombia;Latin America;"Escuela Interamericana de Bibliotecologia";"2000-2026";"Library and Information Sciences (Q3)";"Social Sciences"
67;20000195045;"Revista Colombiana de Antropologia";journal;"2539472X, 04866525";"Instituto Colombiano de Antropologia e Historia";Yes;Yes;0,184;Q2;15;30;68;1273;26;65;0,34;42,43;56,25;0;Colombia;Latin America;"Instituto Colombiano de Antropologia e Historia";"2011-2026";"Archeology (arts and humanities) (Q2); Cultural Studies (Q2); History (Q2); Anthropology (Q3)";"Arts and Humanities; Social Sciences"
68;21100217204;"Boletin de Geologia";journal;"21458553, 01200283";"Universidad Industrial de Santander";Yes;Yes;0,184;Q4;14;19;84;1083;44;77;0,38;57,00;26,47;0;Colombia;Latin America;"Universidad Industrial de Santander";"2012-2025";"Earth and Planetary Sciences (miscellaneous) (Q4)";"Earth and Planetary Sciences"
69;21100793201;"Historia y Memoria";journal;"20275137, 2322777X";"Universidad Pedagogica y Tecnologica de Colombia";Yes;Yes;0,183;Q2;7;22;82;1062;26;75;0,33;48,27;42,11;0;Colombia;Latin America;"Universidad Pedagogica y Tecnologica de Colombia";"2015-2026";"History (Q2)";"Arts and Humanities"
70;21101196215;"Boletin Geologico";journal;"27111318, 01201425";"Colombian Geological Service";Yes;Yes;0,182;Q4;3;7;46;245;18;38;0,39;35,00;31,25;0;Colombia;Latin America;"Colombian Geological Service";"2021-2025";"Geology (Q4); Geophysics (Q4); Stratigraphy (Q4)";"Earth and Planetary Sciences"
71;21101046764;"Revista Cuidarte";journal;"22160973, 23463414";"Universidad de Santander";Yes;Yes;0,181;Q3;9;60;164;2315;97;154;0,58;38,58;64,04;0;Colombia;Latin America;"Universidad de Santander";"2019-2025";"Family Practice (Q3); Maternity and Midwifery (Q3); Medical and Surgical Nursing (Q3); Nurse Assisting (Q3); Community and Home Care (Q4); Critical Care and Intensive Care Medicine (Q4); Nursing (miscellaneous) (Q4)";"Medicine; Nursing"
72;21101104846;"Cuestiones Teologicas";journal;"23899980, 0120131X";"Universidad Pontificia Bolivariana";Yes;Yes;0,180;Q2;4;21;69;918;12;67;0,09;43,71;35,71;0;Colombia;Latin America;"Universidad Pontificia Bolivariana";"2019-2026";"Religious Studies (Q2)";"Arts and Humanities"
73;21101125516;"Revista Colombiana de Ciencias Horticolas";journal;"24223719, 20112173";"Universidad Pedagogica y Tecnologica de Colombia";No;No;0,178;Q4;11;0;123;0;80;115;0,54;0,00;0,00;0;Colombia;Latin America;"Universidad Pedagogica y Tecnologica de Colombia";"2019-2024";"Agricultural and Biological Sciences (miscellaneous) (Q4); Biochemistry, Genetics and Molecular Biology (miscellaneous) (Q4); Horticulture (Q4)";"Agricultural and Biological Sciences; Biochemistry, Genetics and Molecular Biology"
74;33459;"Desarrollo y Sociedad";journal;"01203584, 19007760";"Universidad de los Andes, Colombia";Yes;Yes;0,176;Q3;11;17;58;678;19;51;0,31;39,88;30,30;0;Colombia;Latin America;"Universidad de los Andes, Colombia";"1979-1985, 1994, 2010-2025";"Political Science and International Relations (Q3); Sociology and Political Science (Q3); Development (Q4); Economics and Econometrics (Q4)";"Economics, Econometrics and Finance; Social Sciences"
75;17600155203;"Acta Biologica Colombiana";journal;"0120548X, 19001649";"Universidad Nacional de Colombia";Yes;Yes;0,175;Q4;25;47;170;1916;91;159;0,38;40,77;35,26;0;Colombia;Latin America;"Universidad Nacional de Colombia";"2008-2025";"Agricultural and Biological Sciences (miscellaneous) (Q4)";"Agricultural and Biological Sciences"
76;21100842860;"Revista Finanzas y Politica Economica";journal;"22486046, 20117663";"Universidad Catolica de Colombia";Yes;Yes;0,173;Q4;10;18;60;888;47;54;0,70;49,33;34,21;0;Colombia;Latin America;"Universidad Catolica de Colombia";"2015-2025";"Accounting (Q4); Economics and Econometrics (Q4); Finance (Q4); Marketing (Q4); Strategy and Management (Q4)";"Business, Management and Accounting; Economics, Econometrics and Finance"
77;21101152724;"Revista de la Facultad de Derecho y Ciencias Politicas";journal;"01203886, 23900016";"Universidad Pontificia Bolivariana";Yes;Yes;0,171;Q3;3;8;71;295;19;71;0,36;36,88;22,22;0;Colombia;Latin America;"Universidad Pontificia Bolivariana";"2019-2025";"Law (Q3)";"Social Sciences"
78;21100332207;"Revista Colombiana de Matematicas";journal;"00347426, 23574100";"Universidad Nacional de Colombia";Yes;Yes;0,171;Q4;10;10;38;212;25;38;0,48;21,20;3,85;0;Colombia;Latin America;"Universidad Nacional de Colombia";"2014-2025";"Mathematics (miscellaneous) (Q4)";"Mathematics"
79;19400157235;"Revista Colombiana de Ciencias Pecuarias";journal;"22562958, 01200690";"Universidad de Antioquia";Yes;No;0,169;Q4;23;29;65;1076;35;62;0,45;37,10;37,68;0;Colombia;Latin America;"Universidad de Antioquia";"2008-2025";"Animal Science and Zoology (Q4); Veterinary (miscellaneous) (Q4)";"Agricultural and Biological Sciences; Veterinary"
80;19200156966;"Revista MVZ Cordoba";journal;"01220268, 19090544";"Biblioteca Universidad de Cordoba";Yes;Yes;0,169;Q4;18;34;144;1086;64;141;0,35;31,94;37,82;0;Colombia;Latin America;"Biblioteca Universidad de Cordoba";"2008-2025";"Animal Science and Zoology (Q4); Aquatic Science (Q4); Veterinary (miscellaneous) (Q4)";"Agricultural and Biological Sciences; Veterinary"
81;21101144405;"Psicogente";journal;"2027212X, 01240137";"Simon Bolivar University (Barranquilla)";Yes;Yes;0,164;Q4;8;18;55;1078;31;55;0,39;59,89;45,00;0;Colombia;Latin America;"Simon Bolivar University (Barranquilla)";"2019-2025";"Applied Psychology (Q4); Experimental and Cognitive Psychology (Q4)";"Psychology"
82;21100812584;"Revista Republicana";journal;"19094450, 22565027";"Corporacion Universitaria Republicana";Yes;No;0,163;Q3;9;18;60;664;13;60;0,23;36,89;21,88;0;Colombia;Latin America;"Corporacion Universitaria Republicana";"2016-2025";"Law (Q3); Sociology and Political Science (Q3)";"Social Sciences"
83;5200152705;"Avances en Psicologia Latinoamericana";journal;"17944724, 21454515";"Fundacion para el Avance de la Psicologia";Yes;Yes;0,163;Q4;19;16;89;849;30;85;0,27;53,06;72,55;0;Colombia;Latin America;"Fundacion para el Avance de la Psicologia";"1983, 2006-2025";"Clinical Psychology (Q4)";"Psychology"
84;21101114008;"Anuario Electronico de Estudios en Comunicacion Social Disertaciones";journal;"18569536";"Universidad del Rosario";Yes;Yes;0,162;Q3;5;24;95;994;46;89;0,35;41,42;57,14;0;Colombia;Latin America;"Universidad del Rosario";"2019-2026";"Communication (Q3); Library and Information Sciences (Q3)";"Social Sciences"
85;21100903449;"Revista de la Academia Colombiana de Ciencias Exactas, Fisicas y Naturales";journal;"23824980, 03703908";"Colombian Academy of Exact, Physical and Natural Sciences";Yes;Yes;0,162;Q3;14;68;248;2269;98;217;0,37;33,37;23,81;0;Colombia;Latin America;"Colombian Academy of Exact, Physical and Natural Sciences";"2016-2025";"History and Philosophy of Science (Q3); Agricultural and Biological Sciences (miscellaneous) (Q4); Biochemistry, Genetics and Molecular Biology (miscellaneous) (Q4); Chemistry (miscellaneous) (Q4); Earth and Planetary Sciences (miscellaneous) (Q4); Energy (miscellaneous) (Q4); Mathematics (miscellaneous) (Q4); Physics and Astronomy (miscellaneous) (Q4)";"Agricultural and Biological Sciences; Arts and Humanities; Biochemistry, Genetics and Molecular Biology; Chemistry; Earth and Planetary Sciences; Energy; Mathematics; Physics and Astronomy"
86;21100903229;"Forma y Funcion";journal;"0120338X, 22565469";"Universidad Nacional de Colombia";Yes;Yes;0,161;Q3;4;19;45;880;22;43;0,39;46,32;54,84;0;Colombia;Latin America;"Universidad Nacional de Colombia";"2019-2025";"Linguistics and Language (Q3)";"Social Sciences"
87;21101210867;"Suma de Negocios";journal;"2215910X, 20275692";"Fundacion Universitaria Konrad Lorenz";Yes;Yes;0,161;Q4;7;17;49;979;46;49;1,21;57,59;28,57;0;Colombia;Latin America;"Fundacion Universitaria Konrad Lorenz";"2020-2026";"Business, Management and Accounting (miscellaneous) (Q4); Marketing (Q4)";"Business, Management and Accounting"
88;21101121920;"Estudios de Derecho";journal;"21456151, 01201867";"Universidad de Antioquia";Yes;Yes;0,158;Q3;4;13;52;576;12;50;0,26;44,31;31,25;0;Colombia;Latin America;"Universidad de Antioquia";"2019-2025";"Law (Q3); Political Science and International Relations (Q4)";"Social Sciences"
89;21100976171;"Colombian Journal of Anesthesiology";journal;"24220248, 22562087";"Sociedad Colombiana de Anestesiologia y Reanimacion";Yes;Yes;0,156;Q4;9;41;113;908;51;96;0,54;22,15;38,46;0;Colombia;Latin America;"Sociedad Colombiana de Anestesiologia y Reanimacion";"2018-2025";"Anesthesiology and Pain Medicine (Q4); Critical Care and Intensive Care Medicine (Q4)";"Medicine"
90;145059;"CTyF - Ciencia, Tecnologia y Futuro";journal;"23824581, 01225383";"Ecopetrol S.A.";Yes;Yes;0,155;Q4;21;0;37;0;24;37;0,52;0,00;0,00;0;Colombia;Latin America;"Ecopetrol S.A.";"1996-2024";"Chemical Engineering (miscellaneous) (Q4); Energy (miscellaneous) (Q4); Engineering (miscellaneous) (Q4); Fuel Technology (Q4); Geology (Q4); Geophysics (Q4); Renewable Energy, Sustainability and the Environment (Q4)";"Chemical Engineering; Earth and Planetary Sciences; Energy; Engineering"
91;19400157258;"Salud Uninorte";journal;"20117531, 01205552";"Universidad del Norte";Yes;Yes;0,155;Q4;16;65;207;2210;58;192;0,32;34,00;53,89;0;Colombia;Latin America;"Universidad del Norte";"2002-2003, 2005-2026";"Medicine (miscellaneous) (Q4)";"Medicine"
92;21101186338;"Estudios de Filosofia (Colombia)";journal;"01213628, 2256358X";"Universidad de Antioquia";Yes;Yes;0,154;Q2;5;23;67;754;37;62;0,20;32,78;17,24;0;Colombia;Latin America;"Universidad de Antioquia";"2022-2026";"Philosophy (Q2)";"Arts and Humanities"
93;19700186845;"Ingenieria y Universidad";journal;"01232126, 20112769";"Pontificia Universidad Javeriana";Yes;Yes;0,154;Q4;14;10;40;354;26;38;0,21;35,40;23,81;0;Colombia;Latin America;"Pontificia Universidad Javeriana";"2008-2025";"Engineering (miscellaneous) (Q4)";"Engineering"
94;22595;"Revista de Salud Publica";journal;"01240064, 25393596";"Universidad Nacional de Colombia";Yes;No;0,154;Q4;30;28;205;786;46;202;0,21;28,07;51,46;0;Colombia;Latin America;"Universidad Nacional de Colombia";"2003-2025";"Public Health, Environmental and Occupational Health (Q4)";"Medicine"
95;21100940511;"Territorios";journal;"01238418, 22157484";"Universidad del Rosario";Yes;Yes;0,152;Q3;6;29;93;1354;33;87;0,30;46,69;46,15;1;Colombia;Latin America;"Universidad del Rosario";"2019-2025";"Urban Studies (Q3); Geography, Planning and Development (Q4)";"Social Sciences"
96;19500157818;"Cuadernos de Desarrollo Rural";journal;"01221450, 22157727";"Pontificia Universidad Javeriana";Yes;Yes;0,152;Q4;16;7;28;319;13;28;0,27;45,57;27,78;0;Colombia;Latin America;"Pontificia Universidad Javeriana";"2008-2025";"Agronomy and Crop Science (Q4); Economics and Econometrics (Q4); Geography, Planning and Development (Q4)";"Agricultural and Biological Sciences; Economics, Econometrics and Finance; Social Sciences"
97;21101067386;"Revista U.D.C.A Actualidad and Divulgacion Cientifica";journal;"26192551, 01234226";"Universidad de Ciencias Aplicadas y Ambientales U.D.C.A";Yes;Yes;0,152;Q4;8;33;136;1428;66;131;0,36;43,27;39,45;0;Colombia;Latin America;"Universidad de Ciencias Aplicadas y Ambientales U.D.C.A";"2019-2025";"Agricultural and Biological Sciences (miscellaneous) (Q4); Biochemistry, Genetics and Molecular Biology (miscellaneous) (Q4); Environmental Science (miscellaneous) (Q4); Geography, Planning and Development (Q4)";"Agricultural and Biological Sciences; Biochemistry, Genetics and Molecular Biology; Environmental Science; Social Sciences"
98;21100259543;"Anuario Colombiano de Historia Social y de la Cultura";journal;"01202456, 22565647";"Universidad Nacional de Colombia";Yes;Yes;0,151;Q2;11;41;118;1802;24;114;0,20;43,95;35,14;0;Colombia;Latin America;"Universidad Nacional de Colombia";"2013-2025";"Cultural Studies (Q2); History (Q2)";"Arts and Humanities; Social Sciences"
99;21100373236;"Boletin Cientifico del Centro de Museos";journal;"01233068";"Universidad de Caldas";Yes;No;0,151;Q2;11;10;79;512;21;79;0,18;51,20;38,71;0;Colombia;Latin America;"Universidad de Caldas";"2014-2025";"Museology (Q2); Conservation (Q3)";"Arts and Humanities"
100;21101208813;"Ingenieria (Colombia)";journal;"23448393, 0121750X";"Universidad Distrital Francisco Jose de Caldas";Yes;Yes;0,150;Q4;7;26;104;815;61;94;0,61;31,35;20,00;0;Colombia;Latin America;"Universidad Distrital Francisco Jose de Caldas";"2020-2025";"Engineering (miscellaneous) (Q4)";"Engineering"
101;11600153630;"Innovar";journal;"22486968, 01215051";"Universidad Nacional de Colombia";Yes;Yes;0,150;Q4;20;46;133;3058;91;120;0,61;66,48;49,48;1;Colombia;Latin America;"Universidad Nacional de Colombia";"2008-2026";"Accounting (Q4); Marketing (Q4); Public Administration (Q4); Sociology and Political Science (Q4); Strategy and Management (Q4)";"Business, Management and Accounting; Social Sciences"
102;21101023184;"Momento";journal;"01214470, 25008013";"Universidad Nacional de Colombia";Yes;Yes;0,149;Q3;5;12;44;381;18;41;0,25;31,75;25,00;0;Colombia;Latin America;"Universidad Nacional de Colombia";"2019-2026";"History and Philosophy of Science (Q3); Electronic, Optical and Magnetic Materials (Q4); Geophysics (Q4); Physical and Theoretical Chemistry (Q4); Physics and Astronomy (miscellaneous) (Q4)";"Arts and Humanities; Chemistry; Earth and Planetary Sciences; Materials Science; Physics and Astronomy"
103;21100812388;"Revista Criminalidad";journal;"17943108, 22565531";"Policia Nacional de Colombia";Yes;Yes;0,149;Q3;9;26;98;1397;38;94;0,30;53,73;27,27;0;Colombia;Latin America;"Policia Nacional de Colombia";"2015-2025";"Arts and Humanities (miscellaneous) (Q3); Law (Q3); Social Psychology (Q4); Social Sciences (miscellaneous) (Q4); Sociology and Political Science (Q4)";"Arts and Humanities; Psychology; Social Sciences"
104;21101141651;"Revista Guillermo de Ockham";journal;"1794192X, 22563202";"University of San Buenaventura - Cali";Yes;Yes;0,149;Q3;6;20;108;1022;39;98;0,34;51,10;41,03;0;Colombia;Latin America;"University of San Buenaventura - Cali";"2019-2025";"Arts and Humanities (miscellaneous) (Q3); Psychology (miscellaneous) (Q4); Social Sciences (miscellaneous) (Q4)";"Arts and Humanities; Psychology; Social Sciences"
105;21100944295;"Literatura: Teoria, Historia, Critica";journal;"01235931, 22565450";"Universidad Nacional de Colombia";Yes;Yes;0,146;Q2;4;21;79;548;13;65;0,10;26,10;38,89;0;Colombia;Latin America;"Universidad Nacional de Colombia";"2019-2026";"Literature and Literary Theory (Q2)";"Arts and Humanities"
106;21101060641;"Hacia la Promocion de la Salud";journal;"01217577, 24628425";"Universidad de Caldas";Yes;Yes;0,146;Q3;8;18;85;615;23;75;0,08;34,17;58,33;0;Colombia;Latin America;"Universidad de Caldas";"2019-2025";"Health Professions (miscellaneous) (Q3); Community and Home Care (Q4); Health Policy (Q4); Health (social science) (Q4); Public Health, Environmental and Occupational Health (Q4)";"Health Professions; Medicine; Nursing; Social Sciences"
107;21100891786;"Produccion y Limpia";journal;"23230703, 19090455";"Corporacion Universitaria Lasallista";Yes;Yes;0,146;Q4;6;20;56;640;25;51;0,50;32,00;34,62;0;Colombia;Latin America;"Corporacion Universitaria Lasallista";"2018-2025";"Environmental Science (miscellaneous) (Q4); Management, Monitoring, Policy and Law (Q4)";"Environmental Science"
108;7500153128;"Universitas Psychologica";journal;"16579267, 20112777";"Pontificia Universidad Javeriana";Yes;No;0,146;Q4;37;28;77;1691;32;77;0,21;60,39;44,74;0;Colombia;Latin America;"Pontificia Universidad Javeriana";"2007-2026";"Psychology (miscellaneous) (Q4); Social Psychology (Q4)";"Psychology"
109;21101199358;"Poligramas";journal;"25909207";"Universidad del Valle";Yes;Yes;0,145;Q2;2;24;77;469;7;71;0,06;19,54;50,00;0;Colombia;Latin America;"Universidad del Valle";"2019-2026";"Literature and Literary Theory (Q2)";"Arts and Humanities"
110;21101164928;"Innovaciencia";journal;"2346075X";"Universidad de Santander";Yes;Yes;0,144;Q4;5;20;50;743;34;48;0,92;37,15;49,25;0;Colombia;Latin America;"Universidad de Santander";"2019-2026";"Agricultural and Biological Sciences (miscellaneous) (Q4); Chemistry (miscellaneous) (Q4)";"Agricultural and Biological Sciences; Chemistry"
111;21101048270;"Revista Colombiana de Cirugia";journal;"20117582, 26196107";"Asociacion Colombiana de Cirugia";Yes;Yes;0,144;Q4;8;138;253;2825;78;217;0,28;20,47;33,90;0;Colombia;Latin America;"Asociacion Colombiana de Cirugia";"2015, 2019-2026";"Surgery (Q4)";"Medicine"
112;20265;"Revista Facultad de Medicina";journal;"23573848, 01200011";"Universidad Nacional de Colombia";Yes;Yes;0,144;Q4;17;21;145;702;54;122;0,21;33,43;34,41;0;Colombia;Latin America;"Universidad Nacional de Colombia";"1945-1949, 1951-1966, 1972-1974, 2007-2025";"Medicine (miscellaneous) (Q4)";"Medicine"
113;21101216647;"Turismo y Sociedad";journal;"2346206X, 01207555";"Universidad Externado de Colombia";Yes;Yes;0,144;Q4;7;25;91;1351;38;88;0,34;54,04;43,40;0;Colombia;Latin America;"Universidad Externado de Colombia";"2020-2026";"Geography, Planning and Development (Q4); Tourism, Leisure and Hospitality Management (Q4)";"Business, Management and Accounting; Social Sciences"
114;21101128459;"Aibi, Revista de Investigacion Administracion e Ingenierias";journal;"2346030X";"Universidad de Santander";Yes;Yes;0,143;Q4;8;80;151;3604;96;151;0,75;45,05;33,88;0;Colombia;Latin America;"Universidad de Santander";"2019-2026";"Computer Science (miscellaneous) (Q4); Electrical and Electronic Engineering (Q4); Engineering (miscellaneous) (Q4); Industrial and Manufacturing Engineering (Q4)";"Computer Science; Engineering"
115;21101128616;"Apuntes del Cenes";journal;"01203053, 22565779";"Universidad Pedagogica y Tecnologica de Colombia";Yes;Yes;0,142;Q4;5;20;61;922;39;54;0,68;46,10;23,53;0;Colombia;Latin America;"Universidad Pedagogica y Tecnologica de Colombia";"2019-2025";"Economics, Econometrics and Finance (miscellaneous) (Q4)";"Economics, Econometrics and Finance"
116;21100432496;"Revista de Derecho Privado";journal;"01234366, 23462442";"Universidad Externado de Colombia";Yes;Yes;0,142;Q4;9;22;70;1394;14;69;0,27;63,36;52,38;0;Colombia;Latin America;"Universidad Externado de Colombia";"2015-2026";"Law (Q4)";"Social Sciences"
117;21100202735;"Revista Lasallista de Investigacion";journal;"22563938, 17944449";"Corporacion Universitaria Lasallista";Yes;Yes;0,142;Q4;13;42;107;1454;39;103;0,39;34,62;37,23;0;Colombia;Latin America;"Corporacion Universitaria Lasallista";"2011, 2013-2025";"Multidisciplinary (Q4)";"Multidisciplinary"
118;21100447122;"Theologica Xaveriana";journal;"01203649, 2011219X";"Pontificia Universidad Javeriana";Yes;Yes;0,141;Q2;6;11;51;412;5;51;0,12;37,45;18,18;0;Colombia;Latin America;"Pontificia Universidad Javeriana";"2015-2026";"Religious Studies (Q2)";"Arts and Humanities"
119;21100934789;"Fuentes el Reventon Energetico";journal;"21458502, 16576527";"Universidad Industrial de Santander";Yes;Yes;0,140;Q4;6;7;49;249;17;44;0,41;35,57;18,18;0;Colombia;Latin America;"Universidad Industrial de Santander";"2019-2025";"Energy (miscellaneous) (Q4); Physical and Theoretical Chemistry (Q4)";"Chemistry; Energy"
120;21100316036;"Signo y Pensamiento";journal;"01204823, 20272731";"Pontificia Universidad Javeriana";Yes;Yes;0,139;Q3;9;14;68;682;13;68;0,14;48,71;56,52;0;Colombia;Latin America;"Pontificia Universidad Javeriana";"2014-2025";"Linguistics and Language (Q3); Communication (Q4)";"Social Sciences"
121;21827;"Revista Colombiana de Ciencias Quimico-Farmaceuticas (Colombia)";journal;"00347418, 19096356";"Universidad Nacional de Colombia";Yes;No;0,139;Q4;9;41;173;1884;61;173;0,28;45,95;52,42;0;Colombia;Latin America;"Universidad Nacional de Colombia";"1974, 1980, 2019-2026";"Pharmacology (medical) (Q4); Pharmacology, Toxicology and Pharmaceutics (miscellaneous) (Q4)";"Medicine; Pharmacology, Toxicology and Pharmaceutics"
122;21101128566;"Educacion y Humanismo";journal;"26652420, 01242121";"Simon Bolivar University (Barranquilla)";Yes;Yes;0,137;Q3;4;26;69;1274;29;67;0,32;49,00;41,67;0;Colombia;Latin America;"Simon Bolivar University (Barranquilla)";"2022-2026";"Cultural Studies (Q3); History and Philosophy of Science (Q3); Education (Q4); Gender Studies (Q4)";"Arts and Humanities; Social Sciences"
123;12100154811;"Revista Colombiana de Gastroenterologia";journal;"01209957";"Asociacion Colombiana de Gastroenterologia";Yes;Yes;0,137;Q4;15;86;226;1824;65;202;0,25;21,21;33,92;0;Colombia;Latin America;"Asociacion Colombiana de Gastroenterologia";"2008-2025";"Gastroenterology (Q4)";"Medicine"
124;21100371223;"Memorias";journal;"17948886";"Universidad del Norte";Yes;Yes;0,135;Q2;6;18;77;919;18;70;0,24;51,06;51,61;0;Colombia;Latin America;"Universidad del Norte";"2009, 2014-2025";"History (Q2); Archeology (Q3); Archeology (arts and humanities) (Q3)";"Arts and Humanities; Social Sciences"
125;21101062042;"Dikaion";journal;"01208942, 20275366";"Universidad de La Sabana";Yes;Yes;0,135;Q3;4;13;53;483;10;45;0,21;37,15;18,18;0;Colombia;Latin America;"Universidad de La Sabana";"2019-2026";"Philosophy (Q3); Law (Q4)";"Arts and Humanities; Social Sciences"
126;17700156215;"Cuadernos de Administracion";journal;"19007205, 01203592";"Pontificia Universidad Javeriana";Yes;Yes;0,135;Q4;15;5;27;265;16;26;0,44;53,00;58,33;0;Colombia;Latin America;"Pontificia Universidad Javeriana";"2008-2025";"Business and International Management (Q4); Economics, Econometrics and Finance (miscellaneous) (Q4); Strategy and Management (Q4)";"Business, Management and Accounting; Economics, Econometrics and Finance"
127;21101204535;"Boletin de Ciencias de la Tierra";journal;"01203630, 23573740";"Universidad Nacional de Colombia";Yes;Yes;0,134;Q4;4;10;35;298;13;31;0,43;29,80;22,73;0;Colombia;Latin America;"Universidad Nacional de Colombia";"2019-2025";"Earth and Planetary Sciences (miscellaneous) (Q4)";"Earth and Planetary Sciences"
128;21101040207;"Revista Facultad Nacional de Salud Publica";journal;"22563334, 0120386X";"Universidad de Antioquia";Yes;Yes;0,134;Q4;17;31;113;1013;33;97;0,20;32,68;62,07;0;Colombia;Latin America;"Universidad de Antioquia";"2008-2026";"Epidemiology (Q4); Health Information Management (Q4); Health Policy (Q4); Public Health, Environmental and Occupational Health (Q4)";"Health Professions; Medicine"
129;12100157018;"Cuadernos de Economia (Colombia)";journal;"22484337, 01214772";"Universidad Nacional de Colombia";Yes;Yes;0,133;Q3;14;46;82;2124;23;82;0,27;46,17;45,45;0;Colombia;Latin America;"Universidad Nacional de Colombia";"2007-2025";"Arts and Humanities (miscellaneous) (Q3); Economics, Econometrics and Finance (miscellaneous) (Q4); Social Sciences (miscellaneous) (Q4)";"Arts and Humanities; Economics, Econometrics and Finance; Social Sciences"
130;21101066327;"MedUNAB";journal;"01237047, 23824603";"Universidad Autonoma de Bucaramanga";Yes;Yes;0,133;Q3;6;8;101;190;18;86;0,04;23,75;70,00;0;Colombia;Latin America;"Universidad Autonoma de Bucaramanga";"2019-2025";"Nurse Assisting (Q3); Health Professions (miscellaneous) (Q4); Medicine (miscellaneous) (Q4); Nursing (miscellaneous) (Q4); Psychology (miscellaneous) (Q4); Public Health, Environmental and Occupational Health (Q4)";"Health Professions; Medicine; Nursing; Psychology"
131;21101057637;"Biosalud";journal;"16579550";"Universidad de Caldas";Yes;Yes;0,133;Q4;2;0;1;0;0;1;0,00;0,00;0,00;0;Colombia;Latin America;"Universidad de Caldas";"2019-2020, 2023";"Medicine (miscellaneous) (Q4)";"Medicine"
132;21101183655;"Cuestiones de Filosofia";journal;"23899441, 01235095";"Universidad Pedagogica y Tecnologica de Colombia";Yes;Yes;0,131;Q3;3;26;60;530;9;52;0,08;20,38;35,00;0;Colombia;Latin America;"Universidad Pedagogica y Tecnologica de Colombia";"2019-2026";"Philosophy (Q3)";"Arts and Humanities"
133;21101105025;"Revista de la Facultad de Ciencias";journal;"0121747X, 23575549";"Universidad Nacional de Colombia";Yes;Yes;0,130;Q4;4;14;39;497;10;38;0,21;35,50;36,67;0;Colombia;Latin America;"Universidad Nacional de Colombia";"2019-2026";"Biophysics (Q4); Computational Theory and Mathematics (Q4); Molecular Biology (Q4)";"Biochemistry, Genetics and Molecular Biology; Computer Science"
134;19900193218;"Revista Gerencia y Politicas de Salud";journal;"25006177, 16577027";"Pontificia Universidad Javeriana";Yes;Yes;0,130;Q4;12;10;61;477;17;60;0,20;47,70;57,69;0;Colombia;Latin America;"Pontificia Universidad Javeriana";"2011-2025";"Health Policy (Q4)";"Medicine"
135;21100842562;"Estudios de Literatura Colombiana";journal;"01234412";"Universidad de Antioquia";Yes;Yes;0,129;Q2;3;26;82;548;12;76;0,19;21,08;41,67;0;Colombia;Latin America;"Universidad de Antioquia";"2017-2026";"Literature and Literary Theory (Q2); Arts and Humanities (miscellaneous) (Q3); History (Q3); Linguistics and Language (Q3); Electrical and Electronic Engineering (Q4)";"Arts and Humanities; Engineering; Social Sciences"
136;21100432208;"Historia Caribe";journal;"23226889, 01228803";"Sello editorial Universidad del Atlantico";Yes;Yes;0,129;Q3;5;20;76;885;8;66;0,10;44,25;37,50;0;Colombia;Latin America;"Sello editorial Universidad del Atlantico";"2015-2025";"History (Q3)";"Arts and Humanities"
137;21101302091;"Opinion Juridica";journal;"22484078";"University of Medellin";Yes;No;0,129;Q4;3;27;93;1170;8;93;0,02;43,33;37,04;0;Colombia;Latin America;"University of Medellin";"2021-2025";"Law (Q4)";"Social Sciences"
138;65755;"Acta Agronomica";journal;"23230118, 01202812";"Universidad Nacional de Colombia";Yes;Yes;0,128;Q4;18;24;119;784;31;119;0,20;32,67;33,33;0;Colombia;Latin America;"Universidad Nacional de Colombia";"1968, 2012-2026";"Agronomy and Crop Science (Q4); Soil Science (Q4)";"Agricultural and Biological Sciences"
139;21101032724;"Modulo Arquitectura CUC";journal;"23897732, 01246542";"Universidad de la Costa";No;No;0,126;Q2;4;16;48;742;13;48;0,24;46,38;41,38;0;Colombia;Latin America;"Universidad de la Costa";"2019-2025";"Visual Arts and Performing Arts (Q2); Arts and Humanities (miscellaneous) (Q3); Architecture (Q4); Urban Studies (Q4)";"Arts and Humanities; Engineering; Social Sciences"
140;21101284801;"Acta Neurologica Colombiana";journal;"24224022";"Colombian Association of Neurology";Yes;No;0,126;Q4;3;48;114;1495;39;90;0,26;31,15;46,94;0;Colombia;Latin America;"Colombian Association of Neurology";"2022-2026";"Neurology (clinical) (Q4)";"Medicine"
141;21101151818;"Medicina y Laboratorio";journal;"25007106, 01232576";"Universidad de Antioquia";Yes;Yes;0,126;Q4;4;0;62;0;16;50;0,28;0,00;0,00;0;Colombia;Latin America;"Universidad de Antioquia";"2020-2023";"Education (Q4); Medical Laboratory Technology (Q4); Medicine (miscellaneous) (Q4)";"Health Professions; Medicine; Social Sciences"
142;21100893272;"Lecturas de Economia";journal;"23230622, 01202596";"Universidad de Antioquia";Yes;Yes;0,125;Q4;10;15;67;437;21;66;0,41;29,13;27,27;0;Colombia;Latin America;"Universidad de Antioquia";"2005-2026";"Business, Management and Accounting (miscellaneous) (Q4); Economics and Econometrics (Q4); Finance (Q4); Social Sciences (miscellaneous) (Q4); Sociology and Political Science (Q4); Statistics, Probability and Uncertainty (Q4)";"Business, Management and Accounting; Decision Sciences; Economics, Econometrics and Finance; Social Sciences"
143;7500153124;"Revista Ciencias de la Salud";journal;"21454507, 16927273";"Universidad del Rosario";Yes;Yes;0,123;Q4;15;38;102;1478;26;95;0,23;38,89;54,29;0;Colombia;Latin America;"Universidad del Rosario";"2007-2025";"Health Policy (Q4); Health (social science) (Q4); Medicine (miscellaneous) (Q4)";"Medicine; Social Sciences"
144;21101075272;"Revista Colombiana de Nefrologia";journal;"25005006, 23897708";"Asociacion Colombiana de Nefrologia e Hipertension Arterial";Yes;Yes;0,122;Q4;5;44;122;1381;24;109;0,23;31,39;40,36;0;Colombia;Latin America;"Asociacion Colombiana de Nefrologia e Hipertension Arterial";"2019-2026";"Nephrology (Q4)";"Medicine"
145;21100893284;"Conservacion Colombiana";journal;"19001592";"Fundacion ProAves Carrera";No;No;0,121;Q4;3;17;29;650;5;29;0,09;38,24;48,84;0;Colombia;Latin America;"Fundacion ProAves Carrera";"2018, 2022-2025";"Ecology (Q4); Ecology, Evolution, Behavior and Systematics (Q4); Management, Monitoring, Policy and Law (Q4); Nature and Landscape Conservation (Q4)";"Agricultural and Biological Sciences; Environmental Science"
146;19700173013;"Co-herencia";journal;"17945887";"Universidad EAFIT";Yes;Yes;0,120;Q2;9;13;85;561;17;81;0,16;43,15;6,67;0;Colombia;Latin America;"Universidad EAFIT";"2009-2025";"Literature and Literary Theory (Q2); Visual Arts and Performing Arts (Q2); History (Q3); Music (Q3); Philosophy (Q3); Sociology and Political Science (Q4)";"Arts and Humanities; Social Sciences"
147;12100154912;"Revista Colombiana de Cardiologia";journal;"23573260, 01205633";"Permanyer Publications";Yes;Yes;0,118;Q4;15;59;262;1265;36;214;0,15;21,44;31,31;0;Colombia;Latin America;"Permanyer Publications";"2008-2025";"Cardiology and Cardiovascular Medicine (Q4)";"Medicine"
148;20600195529;"Revista Colombiana de Sociologia";journal;"0120159X, 22565485";"Universidad Nacional de Colombia";Yes;Yes;0,117;Q3;9;18;78;634;19;74;0,24;35,22;40,00;0;Colombia;Latin America;"Universidad Nacional de Colombia";"2018-2025";"Arts and Humanities (miscellaneous) (Q3); Social Sciences (miscellaneous) (Q4)";"Arts and Humanities; Social Sciences"
149;21100235613;"ACDI Anuario Colombiano de Derecho Internacional";journal;"20271131, 21454493";"Universidad del Rosario";Yes;Yes;0,117;Q4;5;7;35;453;4;16;0,12;64,71;50,00;0;Colombia;Latin America;"Universidad del Rosario";"2012-2025";"Law (Q4)";"Social Sciences"
150;14049;"Iatreia";journal;"01210793";"Universidad de Antioquia";Yes;Yes;0,117;Q4;13;60;184;1995;31;170;0,14;33,25;46,86;0;Colombia;Latin America;"Universidad de Antioquia";"1988-2026";"Medicine (miscellaneous) (Q4)";"Medicine"
151;21101021053;"Revista Colombiana de Computacion";journal;"16572831, 25392115";"Universidad Autonoma de Bucaramanga";Yes;Yes;0,116;Q4;6;0;30;0;7;29;0,10;0,00;0,00;0;Colombia;Latin America;"Universidad Autonoma de Bucaramanga";"2019-2024";"Computer Science (miscellaneous) (Q4)";"Computer Science"
152;14200154740;"Revista Colombiana de Quimica";journal;"01202804";"Universidad Nacional de Colombia";Yes;Yes;0,116;Q4;11;7;48;405;13;48;0,13;57,86;55,00;0;Colombia;Latin America;"Universidad Nacional de Colombia";"2008-2025";"Chemistry (miscellaneous) (Q4)";"Chemistry"
153;21101116673;"Perifrasis";journal;"21458987, 21459045";"Universidad de los Andes, Colombia";Yes;Yes;0,115;Q3;4;30;73;721;5;62;0,02;24,03;70,83;0;Colombia;Latin America;"Universidad de los Andes, Colombia";"2011, 2019-2026";"Cultural Studies (Q3); Literature and Literary Theory (Q3); Gender Studies (Q4)";"Arts and Humanities; Social Sciences"
154;21101120351;"Dearq";journal;"20113188, 2215969X";"Universidad de los Andes, Colombia";Yes;Yes;0,115;Q4;5;23;79;344;13;63;0,12;14,96;46,15;0;Colombia;Latin America;"Universidad de los Andes, Colombia";"2019-2025";"Architecture (Q4); Geography, Planning and Development (Q4); Urban Studies (Q4)";"Engineering; Social Sciences"
155;21100229263;"Juridicas";journal;"17942918";"Universidad de Caldas";Yes;Yes;0,115;Q4;6;0;87;0;13;81;0,17;0,00;0,00;0;Colombia;Latin America;"Universidad de Caldas";"2012-2024";"Law (Q4)";"Social Sciences"
156;19900191832;"Ideas y Valores";journal;"01200062, 20113668";"Universidad Nacional de Colombia";Yes;Yes;0,114;Q3;8;31;181;1060;18;176;0,08;34,19;14,71;0;Colombia;Latin America;"Universidad Nacional de Colombia";"2010-2025";"Philosophy (Q3)";"Arts and Humanities"
157;21100899925;"Nomadas";journal;"25394762, 01217550";"Universidad Central";Yes;Yes;0,114;Q3;8;0;49;0;8;46;0,06;0,00;0,00;0;Colombia;Latin America;"Universidad Central";"2018-2024";"Cultural Studies (Q3); Philosophy (Q3); Anthropology (Q4); Education (Q4); Psychology (miscellaneous) (Q4); Social Sciences (miscellaneous) (Q4)";"Arts and Humanities; Psychology; Social Sciences"
158;21100203943;"Cuadernos de Musica, Artes Visuales y Artes Escenicas";journal;"17946670, 22159959";"Pontificia Universidad Javeriana";No;No;0,113;Q3;7;29;77;847;17;62;0,13;29,21;56,52;0;Colombia;Latin America;"Pontificia Universidad Javeriana";"2012-2026";"Music (Q3); Visual Arts and Performing Arts (Q3); Linguistics and Language (Q4)";"Arts and Humanities; Social Sciences"
159;6000170071;"Eidos";journal;"16928857, 20117477";"Universidad del Norte";Yes;Yes;0,113;Q3;5;43;41;1223;4;36;0,10;28,44;32,43;0;Colombia;Latin America;"Universidad del Norte";"2012-2025";"Philosophy (Q3)";"Arts and Humanities"
160;21100840936;"Revista Luna Azul";journal;"19092474, 01225391";"Universidad de Caldas";Yes;No;0,112;Q4;8;11;61;397;6;57;0,12;36,09;54,55;0;Colombia;Latin America;"Universidad de Caldas";"2017-2025";"Education (Q4); Environmental Science (miscellaneous) (Q4)";"Environmental Science; Social Sciences"
161;7600153109;"Revista de Economia del Rosario";journal;"2145454X, 01235362";"Universidad del Rosario";Yes;Yes;0,111;Q4;9;0;28;0;8;28;0,26;0,00;0,00;0;Colombia;Latin America;"Universidad del Rosario";"2007-2024";"Economics, Econometrics and Finance (miscellaneous) (Q4)";"Economics, Econometrics and Finance"
162;21100843496;"Cuadernos de Literatura";journal;"01228102";"Pontificia Universidad Javeriana";Yes;Yes;0,109;Q3;5;11;62;357;5;59;0,05;32,45;66,67;0;Colombia;Latin America;"Pontificia Universidad Javeriana";"2017-2025";"Literature and Literary Theory (Q3)";"Arts and Humanities"
163;21101259010;"Revista de la Asociacion Colombiana de Dermatologia y Cirugia Dermatologica";journal;"2590843X, 16570448";"";Yes;Yes;0,105;Q4;2;58;123;889;5;91;0,06;15,33;55,40;0;Colombia;Latin America;"";"2020-2026";"Dermatology (Q4); Surgery (Q4)";"Medicine"
164;21101145379;"Ciencia Nueva, Revista de Historia y Politica";journal;"25392662";"Technological University of Pereira";No;No;0,101;Q4;3;23;57;1014;4;52;0,08;44,09;23,08;0;Colombia;Latin America;"Technological University of Pereira";"2019-2025";"History (Q4); Political Science and International Relations (Q4)";"Arts and Humanities; Social Sciences"
165;21101091058;"La Palabra";journal;"23463864, 01218530";"Universidad Pedagogica y Tecnologica de Colombia";Yes;Yes;0,101;Q4;2;19;90;494;8;88;0,11;26,00;59,09;0;Colombia;Latin America;"Universidad Pedagogica y Tecnologica de Colombia";"2019-2025";"Literature and Literary Theory (Q4)";"Arts and Humanities"
166;21101193865;"Universitas Philosophica";journal;"23462426";"Pontificia Universidad Javeriana";No;No;0,100;Q4;3;20;58;615;3;56;0,05;30,75;7,69;0;Colombia;Latin America;"Pontificia Universidad Javeriana";"2020-2025";"Philosophy (Q4)";"Arts and Humanities"
