issn_fisico,issn_virtual,issn_normalizado,texto_espanol,texto_ingles,tokens_espanol,tokens_ingles,apc_monto_original,apc_moneda_original,apc_monto_usd,tasa_usd_utilizada,apc_monto_ppp_usd,apc_tipo,apc_real_disponible
2215-7727,2215-7727,2215-7727,sociologia ciencias sociales c,agronomy crop science q4 economics econometrics geography planning development agricultural biological sciences finance social,4,14,1783.67,EUR,1926.36,1.08,5069.37,observado,True
1657-9267,2011-2777,1657-9267,psicologia ciencias sociales b,psychology miscellaneous q4 social universitas psychologica sciences education philosophy religion,4,10,2323.34,EUR,2509.21,1.08,6603.18,observado,True
0124-0781,0719-5338,2590-8669,ciencias politicas sociales c,history q4 political science relations arts humanities social sciences sociology latin america public policy economy general,4,16,2443.03,EUR,2638.47,1.08,6943.34,observado,True
1794-8231,,2462-8794,matematicas aplicadas matematica ciencias naturales c ecomatematico education mathematics,education special aspects science mathematics,9,5,2826.34,EUR,3052.45,1.08,8032.76,observado,True
2027-5846,,2027-5846,otras ingenierias tecnologias ingenieria tecnologia c usbmed,technology engineering biomedical software computer science data general civil,7,9,5176.12,EUR,5590.21,1.08,14711.08,observado,True
0120-7555,0120-7555,2346-206X,economia negocios ciencias sociales c,geography planning development q4 tourism leisure hospitality management business accounting social sciences communication new media marketing public relations strategy branding language literature philology linguistics mass,5,25,1996.61,EUR,2156.34,1.08,5674.58,observado,True
0120-0488,1657-0448,2665-4385,otras ciencias agricolas c,dermatology q4 surgery medicine sociology social sciences antrophology political science general,4,11,2400.0,EUR,2592.0,1.08,6821.05,observado,True
0124-2121,0124-2121,2665-2420,educacion general incluye capacitacion pedagogia ciencias sociales b humanismo education teacher training didactics teaching special aspects theory practice,cultural q3 history philosophy science education q4 gender arts humanities social sciences,18,12,2618.0,EUR,2827.44,1.08,7440.63,observado,True
0123-5362,0123-5362,0123-5362,economia negocios ciencias sociales c rosario,economics econometrics finance miscellaneous q4 social sciences economic theory demography as science,6,12,204.92,EUR,221.31,1.08,582.39,observado,True
0121-8417,2215-4744,2357-4720,historia arqueologia humanidades c sociedad history historiography costa rican central american latin general europe america spanish philosophy psychology religion doctrinal theology specific doctrines movements heresies schisms,history q4 political science relations arts humanities social sciences,26,9,1116.0,EUR,1205.28,1.08,3171.79,observado,True
1794-8932,2183-9468,2346-0806,ciencias educacion sociales b,sophia architecture city image art practice photography fine arts visual,4,10,1294.3,EUR,1397.84,1.08,3678.53,observado,True
2346-3775,2346-3775,2346-3775,agricultura silvicultura pesca ciencias agricolas b,agronomy crop science q3 ecology evolution behavior systematics plant agricultural biological sciences,6,12,2784.55,EUR,3007.31,1.08,7913.97,observado,True
1692-0279,2443-9991,2256-4322,economia negocios ciencias sociales b,education innovation teacher training didactics teaching,5,6,1932.16,EUR,2086.73,1.08,5491.39,observado,True
1900-9895,0120-1867,2500-5324,ciencias educacion sociales c,law q3 political science relations q4 social sciences education educational policy latin america justice right to,4,16,1828.24,EUR,1974.5,1.08,5196.05,observado,True
2422-4200,1666-6933,2422-4200,ciencias sociales interdisciplinaria otras c,science engineering technology chemistry information computer general civil,5,8,243.34,EUR,262.81,1.08,691.61,observado,True
0120-4483,2313-979X,2665-1327,economia negocios ciencias sociales b,economic policy social macroeconomics economy financial development sciences theory demography finance history conditions,5,13,1828.49,EUR,1974.77,1.08,5196.76,observado,True
1794-161X,,2389-7864,ciencias biologicas naturales c,,4,0,2784.55,EUR,3007.31,1.08,7913.97,observado,True
0122-8803,0122-8803,2322-6889,historia arqueologia humanidades b caribe history historiography costa rican central american latin general europe america spanish philosophy psychology religion doctrinal theology specific doctrines movements heresies schisms,history q3 arts humanities,26,4,1116.0,EUR,1205.28,1.08,3171.79,observado,True
0123-4641,2248-7085,0123-4641,linguistica idiomas literatura humanidades b,,5,0,3306.51,EUR,3571.03,1.08,9397.45,observado,True
1657-6357,2389-9050,2389-9050,ciencias sociales interdisciplinaria otras c sociedad economia,social sciences economics econometrics change sociology issues general,7,8,1996.61,EUR,2156.34,1.08,5674.58,observado,True
0121-7372,1657-0448,2462-991X,otras ciencias medicas salud c,dermatology q4 surgery medicine repertorio medicina cirugia experimental clinical oncology public health general,5,13,1448.6,EUR,1564.49,1.08,4117.08,observado,True
0120-2596,0120-2596,0120-2596,economia negocios ciencias sociales c lecturas,business management accounting miscellaneous q4 economics econometrics finance social sciences sociology political science statistics probability uncertainty decision applied public policy economic thought history conditions theory demography as,6,27,2838.0,EUR,3065.04,1.08,8065.89,observado,True
0120-131X,0120-131X,2389-9980,teologia otras humanidades c,religious q2 arts humanities design technology engineering general civil,4,9,1300.0,EUR,1404.0,1.08,3694.74,observado,True
0120-0011,0120-0011,2357-3848,otras ciencias medicas salud c,medicine miscellaneous q4 natural sciences social health mathematical logic information tecnology agriculture,5,12,1448.6,EUR,1564.49,1.08,4117.08,observado,True
2011-799X,2011-799X,2011-799X,idiomas literatura humanidades a2,linguistics language q2 social sciences,4,5,1828.24,EUR,1974.5,1.08,5196.05,observado,True
1909-0528,1909-0528,1909-0528,derecho ciencias sociales c via inveniendi et iudicandi virtual viei,law q1 social sciences legal history politics political science general,10,10,2676.26,EUR,2890.36,1.08,7606.21,observado,True
0121-4705,2386-8066,0121-4705,ciencias politicas sociales a1,history q2 political science relations q3 sociology arts humanities social sciences,4,11,2258.19,EUR,2438.85,1.08,6418.03,observado,True
2390-0725,2422-3182,2422-3182,negocios management economia ciencias sociales b cea economy econometrics marketing administration accounting finance,social sciences commerce finance,13,4,638.23,EUR,689.29,1.08,1813.92,observado,True
0120-6346,2523-0840,2248-4345,economia negocios ciencias sociales c,macroeconomic microecomomic ecological economics economic development public econometrics social sciences theory demography as science history conditions industries land use labor growth planning,5,22,1828.49,EUR,1974.77,1.08,5196.76,observado,True
0121-215X,2236-4994,2256-5442,otras ciencias sociales b geografia teaching geography environmental cartography anthropology recreation general,,12,0,416.0,EUR,449.28,1.08,1182.32,observado,True
0122-5383,0122-5383,2382-4581,otras ingenierias tecnologias ingenieria tecnologia c,chemical engineering miscellaneous q4 energy fuel technology geology geophysics renewable sustainability environment earth planetary sciences ct f ciencia tecnologia futuro ctyf scientific about technologies technics industry education,6,27,902.03,EUR,974.19,1.08,2563.66,observado,True
0121-1617,0121-1617,1900-6152,historia arqueologia humanidades a1,cultural q1 history social sciences miscellaneous q2 geography planning development q3 arts humanities,4,13,1116.0,EUR,1205.28,1.08,3171.79,observado,True
1657-107X,1853-1326,2500-5421,ciencias educacion sociales b interamericana investigacion pedagogia education teacher training didactics teaching general special aspects theory practice,,17,0,1828.24,EUR,1974.5,1.08,5196.05,observado,True
0120-0135,2447-3383,2256-2273,agronomia agricultura silvicultura pesca ciencias agricolas b,health professions miscellaneous q3 occupational therapy physical sports rehabilitation q4 public environmental speech hearing medicine ciencia agricola plant protection agriculture family farming forestry fruit growing general culture,7,27,2000.0,EUR,2160.0,1.08,5684.21,observado,True
1692-715X,1692-715X,2027-7679,ciencias sociales interdisciplinaria otras b latinoamericana ninez juventud,social sciences miscellaneous q2 developmental educational psychology q3,8,8,1828.24,EUR,1974.5,1.08,5196.05,observado,True
1794-4724,2007-7149,2145-4515,psicologia ciencias sociales c avances latinoamericana philosophy psychology religion,behavioral sciences clinical psychology occupational educational social psychosocial,9,8,1828.24,EUR,1974.5,1.08,5196.05,observado,True
1856-9536,1856-9536,1856-9536,periodismo comunicaciones ciencias sociales c,communication q3 library information sciences social anuario electronico estudios comunicacion disertarciones disertaciones journalism media cultural,5,15,300.05,EUR,324.05,1.08,852.76,observado,True
2011-3080,2007-7149,2011-3080,psicologia ciencias sociales c ces philosophy psychology religion,psychology miscellaneous q4 behavioral sciences clinical occupational educational social psychosocial,8,10,532.0,EUR,574.56,1.08,1512.0,observado,True
1794-0915,2336-3037,1794-0915,ciencias biologicas naturales c,animal science zoology q3 ecology evolution behavior systematics agricultural biological sciences ornitologia colombiana logi scientific transport logistics warehousing handling vehicle sustainability technology engineering general civil transportation,4,26,150.0,EUR,162.0,1.08,426.32,declarado,True
0121-0319,2960-8309,1794-5240,otras ciencias medicas salud c,,5,0,5176.12,EUR,5590.21,1.08,14711.08,observado,True
0034-7434,0717-7526,2463-0225,medicina clinica ciencias medicas salud c,neurology clinical q4 medicine ginecology obstetrics women s health reproduction reproductive,6,11,350.0,USD,350.0,1.0,921.05,declarado,True
0121-4772,0121-4772,2248-4337,economia negocios ciencias sociales b colombia,arts humanities miscellaneous q3 economics econometrics finance q4 social sciences real estate markets economic theory demography as science,6,18,2908.3,EUR,3140.96,1.08,8265.68,observado,True
0123-3068,2215-4744,2462-8190,ciencias biologicas naturales a2 cientifico museo historia natural history historiography costa rican central american latin general europe america spanish philosophy psychology religion doctrinal theology specific doctrines movements heresies schisms,,29,0,1116.0,EUR,1205.28,1.08,3171.79,observado,True
0120-5633,0120-5633,2357-3260,ciencias salud medicas c,cardiology cardiovascular medicine q4 colombiana cardiologia logi scientific transport logistics warehousing handling vehicle sustainability technology engineering general civil transportation,4,19,150.0,EUR,162.0,1.08,426.32,declarado,True
0124-8170,2215-2652,1909-7735,otras ingenierias tecnologias ingenieria tecnologia b,technology engineering general civil,6,4,1806.0,EUR,1950.48,1.08,5132.84,observado,True
0121-4004,0121-4004,2145-2660,farmacologia farmacia medicina basica ciencias medicas salud b,pharmacology toxicology pharmaceutics miscellaneous q3 applied microbiology biotechnology q4 food science agricultural biological sciences immunology,8,15,1176.26,EUR,1270.36,1.08,3343.05,observado,True
0120-0690,0120-0690,2256-2958,ciencias veterinarias agricolas b colombiana pecuarias,animal science zoology q4 veterinary miscellaneous agricultural biological sciences,6,9,2000.0,EUR,2160.0,1.08,5684.21,observado,True
0123-9392,0123-9392,2422-3794,otras ciencias medicas salud c,infectious diseases q4 microbiology medical pharmacology medicine infectio infection clinical practice epidemiology internal parasitic public aspects,5,16,2675.07,EUR,2889.08,1.08,7602.84,observado,True
0123-5931,2215-4744,2256-5450,estudios literarios idiomas literatura humanidades b teoria historia critica history historiography costa rican central american latin general europe america spanish philosophy psychology religion doctrinal theology specific doctrines movements heresies schisms,,30,0,1116.0,EUR,1205.28,1.08,3171.79,observado,True
1657-0308,2518-2943,2357-626X,arquitectura urbanismo arte humanidades b,,5,0,2838.0,EUR,3065.04,1.08,8065.89,observado,True
0120-5323,1698-7950,2346-2426,otras humanidades c universitas philosophica filosofia derecho politica,philosophy q4 arts humanities political law human rights science gender politics general comparative uniform jurisprudence public psychology religion,8,18,2255.17,EUR,2435.58,1.08,6409.42,observado,True
2027-4688,2027-4688,2539-4711,historia arqueologia humanidades b fronteras history historiography costa rican central american latin general europe america spanish philosophy psychology religion doctrinal theology specific doctrines movements heresies schisms,history q1 arts humanities,26,4,1116.0,EUR,1205.28,1.08,3171.79,observado,True
0120-548X,2705-3822,1900-1649,ciencias biologicas naturales b,neurology clinical q4 medicine biologica colombiana biological biotechnology cell molecular biology medical sciences science general,4,15,2206.05,EUR,2382.53,1.08,6269.82,observado,True
1794-6670,2961-5666,2215-9959,otras artes arte humanidades a2,musica artes visuales escenicas jrm music culture oral traditions performance books language literature general performing arts show business,5,18,3170.0,EUR,3423.6,1.08,9009.47,observado,True
0120-2456,2215-4744,2256-5647,historia arqueologia humanidades a2 history historiography costa rican central american latin general europe america spanish philosophy psychology religion doctrinal theology specific doctrines movements heresies schisms,anuario colombiano historia social,25,4,1116.0,EUR,1205.28,1.08,3171.79,observado,True
2248-6046,,2011-7663,economia negocios ciencias sociales c,management economics education accounting social sciences economic theory demography as science,5,11,1828.49,EUR,1974.77,1.08,5196.76,observado,True
1692-8261,1996-5389,2216-1368,otras ingenierias tecnologias ingenieria tecnologia b prospectiva oficial universidad privada antonio guillermo urrelo,social sciences law economics education management general,13,7,2838.0,EUR,3065.04,1.08,8065.89,observado,True
0121-5256,0123-2576,1909-7700,medicina clinica ciencias medicas salud c,education q4 medical laboratory technology medicine miscellaneous health professions social sciences med biomedical science human translational clinical practice,6,18,1569.89,EUR,1695.48,1.08,4461.79,observado,True
1692-7273,1692-7273,2145-4507,medicina clinica ciencias medicas salud c,health policy q4 social science medicine miscellaneous sciences microbiology physiotherapy pharmacy nutrition,6,12,2000.0,EUR,2160.0,1.08,5684.21,observado,True
2011-0324,2251-8665,2665-4814,ciencias sociales interdisciplinaria otras b,cs discrete mathematics combinatorics graph theory computer science,5,8,990.0,EUR,1069.2,1.08,2813.68,observado,True
1657-4915,2215-3659,2389-7856,ciencias educacion sociales c praxis philosophy bioethics latin american thinking psychology religion speculative general,,14,0,2380.0,EUR,2570.4,1.08,6764.21,observado,True
0120-0534,2007-7149,0120-0534,psicologia ciencias sociales a2 latinoamericana philosophy psychology religion,psychology miscellaneous q2 social sciences behavioral clinical occupational educational psychosocial,8,10,1828.24,EUR,1974.5,1.08,5196.05,observado,True
1794-9920,,1794-9920,economia negocios ciencias sociales c face facultad economicas u pamplona,management economics education accounting social sciences economic theory demography as science,10,11,1828.49,EUR,1974.77,1.08,5196.76,observado,True
0123-4226,0123-4226,2619-2551,otras ciencias agricolas b cientifica facultad veterinarias universidad zulia,agricultural biological sciences miscellaneous q4 biochemistry genetics molecular biology environmental science geography planning development social veterinary medicine animal economics public health food technology,9,23,895.15,EUR,966.76,1.08,2544.11,observado,True
1657-4702,1991-2773,2462-859X,otras humanidades b,,3,0,2492.33,EUR,2691.72,1.08,7083.47,observado,True
2382-4018,2382-4018,2382-4018,otras humanidades c collectivus ciencias sociales,practics social practices territorial economical sciences general,6,7,2000.0,EUR,2160.0,1.08,5684.21,observado,True
2322-9381,2322-9381,2322-9675,historia arqueologia humanidades a2,history q2 social sciences miscellaneous q3 arts humanities trashumante public health medicine general,4,13,2618.0,EUR,2827.44,1.08,7440.63,observado,True
0124-2253,2521-9715,2344-8350,otras ingenierias tecnologias ingenieria tecnologia b cientifica facultad ciencias veterinarias universidad zulia,veterinary medicine animal science agricultural economics public health food technology,12,10,895.15,EUR,966.76,1.08,2544.11,observado,True
0034-7426,1657-0448,2357-4100,matematica ciencias naturales c,dermatology q4 surgery medicine social science sociology anthropology political demography general sciences,4,12,2331.51,EUR,2518.03,1.08,6626.39,observado,True
0120-5587,0717-621X,0120-5587,estudios generales lenguaje idiomas literatura humanidades c,,7,0,2380.0,EUR,2570.4,1.08,6764.21,observado,True
0121-053X,0121-053X,2346-1829,linguistica idiomas literatura humanidades b,linguistics language q2 social sciences linguistica hispanica modern romance languages slavic germanic literature philology,5,14,1898.13,EUR,2049.98,1.08,5394.68,observado,True
1794-2470,2715-9256,2462-9448,ciencias biologicas naturales b nova publicacion cientifica medicas publica jurnal pemikiran administrasi negara,public administration policy bureaucracy service governance local government political science institutions asia asian only,13,14,2900.0,EUR,3132.0,1.08,8242.11,observado,True
0120-159X,1657-0448,2256-5485,sociologia ciencias sociales b,dermatology q4 surgery medicine social sciences epistemology chilhood gender child abuse sociology general,4,13,2505.83,EUR,2706.3,1.08,7121.84,observado,True
2027-2448,2745-1402,2745-1402,otras ciencias sociales c,law jurisprudence politics philosophy sociology social sciences general,4,8,1828.24,EUR,1974.5,1.08,5196.05,observado,True
0122-9354,2675-6617,2389-8526,ciencias veterinarias agricolas c,,4,0,380.8,EUR,411.26,1.08,1082.26,observado,True
0122-8900,2471-6839,2463-0470,economia negocios ciencias sociales c,panorama economico twentieth century art nineteenth african american contemporary modernism critical theory fine arts general history,5,16,1828.49,EUR,1974.77,1.08,5196.76,observado,True
0123-3769,1996-5389,2500-8684,otras ciencias sociales c perspectiva geografica oficial universidad privada antonio guillermo urrelo,social sciences law economics education management general,12,7,2838.0,EUR,3065.04,1.08,8065.89,observado,True
1909-941X,2660-9037,2389-7848,economia negocios ciencias sociales c clio historia humanas pensamiento critico,history literature social sciences humanities geography anthropology recreation auxiliary,10,9,2200.0,EUR,2376.0,1.08,6252.63,observado,True
0120-0062,1984-9834,2011-3668,filosofia otras humanidades b,social sciences rural sociology antropology economy development agrarian change,4,9,2709.03,EUR,2925.75,1.08,7699.34,observado,True
2145-132X,2145-132X,2145-132X,historia arqueologia humanidades a2,cultural q2 history pharmacology toxicology pharmaceutics miscellaneous q3 social sciences arts humanities,4,12,1878.22,EUR,2028.48,1.08,5338.11,observado,True
1657-7027,1657-7027,2500-6177,salud publica ciencias medicas c gerencia politicas,health policy q4 medicine political science relations sociology latin america public economy general,7,13,2443.03,EUR,2638.47,1.08,6943.34,observado,True
0120-2812,0120-2812,2323-0118,ciencias tierra medioambientales naturales b,agronomy crop science q4 soil agricultural biological sciences,5,8,450.0,BRL,90.0,0.2,236.84,declarado,True
1692-2530,1406-5509,2248-4078,derecho ciencias sociales c,law q4 social sciences opinion juridica penal code civil estonian fundamental personal rights european europe,4,15,3345.32,EUR,3612.95,1.08,9507.76,observado,True
0120-3886,0120-1867,2390-0016,derecho ciencias sociales c facultad politicas universidad catolica santisima concepcion,law q3 political science relations q4 social sciences legal jurisprudence history public private,10,13,2443.03,EUR,2638.47,1.08,6943.34,observado,True
0123-3475,1657-0448,1909-8758,biotecnologia agricola ciencias agricolas b,dermatology q4 surgery medicine colombiana biotecnologia artificial intelligence practical innovative uses iot networks smart objects cyber physical systems augmented reality virtual enabled devices science mathematics instruments machines electronic computers computer software technology general cybernetics,5,34,837.19,EUR,904.17,1.08,2379.39,observado,True
0121-3784,2166-5095,0121-3784,ciencias animales lecheria agricolas b,animal science zoology q4 agricultural biological sciences livestock rural development sustainability community gender equality social industries land use labor economic growth planning communities classes races human settlements,5,27,2930.53,EUR,3164.97,1.08,8328.87,observado,True
0121-4381,0121-4381,2145-9797,psicologia ciencias sociales b,psychology miscellaneous q3 suma psicologica spanish society experimental animal cognition perception attention psycholinguistics human methodology language literature philology linguistics philosophy religion consciousness,4,22,1005.27,EUR,1085.69,1.08,2857.08,observado,True
0122-1213,1996-5389,2389-993X,trabajo social sociologia ciencias sociales c prospectiva oficial universidad privada antonio guillermo urrelo,social sciences law economics education management general,13,7,2838.0,EUR,3065.04,1.08,8065.89,observado,True
1794-6190,1777-5817,2339-3459,ciencias tierra medioambientales naturales c,earth sciences societe geologique france paleontology geochemistry stratigraphy geophysics tectonics geodynamics science geology,5,13,2400.0,EUR,2592.0,1.08,6821.05,observado,True
0124-0579,0120-1867,2145-4531,derecho ciencias sociales c,law q3 political science relations q4 social sciences,4,8,1618.67,EUR,1748.16,1.08,4600.42,observado,True
0121-3814,2602-408X,2323-0126,educacion general incluye capacitacion pedagogia ciencias sociales b,tea tecne episteme didaxis islamic culture archaeology history art turkish literature music fine arts general,8,15,2972.0,EUR,3209.76,1.08,8446.74,observado,True
0122-7483,0122-7483,2027-1352,matematica ciencias naturales b,multidisciplinary q3 universitas scientiarum sciences technology medicine engineering materials physics science,4,11,1139.73,EUR,1230.91,1.08,3239.24,observado,True
2145-6054,2256-2796,2256-2796,derecho ciencias sociales c juridica mario alario d filippo,legal systems institutions general theory law social security labor criminal comparative uniform jurisprudence,9,13,1303.34,EUR,1407.61,1.08,3704.24,observado,True
0120-4807,2011-2734,0120-4807,sociologia ciencias sociales b,geography anthropology recreation social sciences sociology general,4,7,2618.0,EUR,2827.44,1.08,7440.63,observado,True
0012-7353,2183-1912,2346-2183,otras ingenierias tecnologias ingenieria tecnologia c,dyna innovation social sciences well being tourism sustainability general,6,9,1657.98,EUR,1790.62,1.08,4712.16,observado,True
0120-4157,2710-3471,2590-7379,otras ciencias medicas salud b,biomedica medicine endocrinology public health radiology pediatrics science biology general,5,10,1549.04,EUR,1672.96,1.08,4402.53,observado,True
0120-386X,0120-386X,2256-3334,ciencias salud medicas b facultad nacional publica jurnal pemikiran administrasi negara,epidemiology q4 health information management policy public environmental occupational professions medicine administration bureaucracy service governance local government political science institutions asia asian only,11,23,2390.0,EUR,2581.2,1.08,6792.63,observado,True
0120-0739,2065-2445,2256-201X,forestal agricultura silvicultura pesca ciencias agricolas b,colombia forestal forestry silviculture environmental sciences agriculture,7,7,1999.2,EUR,2159.14,1.08,5681.95,observado,True
2011-0731,2011-0731,2011-0731,ciencias educacion sociales c,,4,0,2331.51,EUR,2518.03,1.08,6626.39,observado,True
2027-5137,2215-4744,2322-777X,historia arqueologia humanidades a2 memoria history historiography costa rican central american latin general europe america spanish philosophy psychology religion doctrinal theology specific doctrines movements heresies schisms,history q4 political science relations arts humanities social sciences,26,9,1116.0,EUR,1205.28,1.08,3171.79,observado,True
0124-5821,0124-5821,0124-5821,ciencias sociales interdisciplinaria otras b virtual universidad catolica norte,social sciences education humanities general,9,5,3068.0,EUR,3313.44,1.08,8719.58,observado,True
1900-5016,1991-2773,2248-6011,economia negocios ciencias sociales c,,5,0,1828.24,EUR,1974.5,1.08,5196.05,observado,True
1900-6586,2521-9715,2500-7645,ciencias sociales interdisciplinaria otras b cientifica facultad veterinarias universidad zulia,veterinary medicine animal science agricultural economics public health food technology,10,10,895.15,EUR,966.76,1.08,2544.11,observado,True
2590-9215,2590-9215,2590-9215,ciencias sociales interdisciplinaria otras c perspectivas,education social sciences pedagogy general,6,5,2838.0,EUR,3065.04,1.08,8065.89,observado,True
0122-8102,2684-0499,2346-1691,idiomas literatura humanidades c,,4,0,2628.61,EUR,2838.9,1.08,7470.79,observado,True
0120-3347,2256-2087,2145-4604,anestesiologia medicina clinica ciencias medicas salud c,anesthesiology pain medicine q4 critical care intensive colombiana anestesiologia logi scientific transport logistics warehousing handling vehicle sustainability technology engineering general civil transportation,7,22,150.0,EUR,162.0,1.08,426.32,declarado,True
1900-4699,2797-0965,2500-5316,ciencias biologicas naturales c facultad basicas,health professions miscellaneous q3 occupational therapy physical sports rehabilitation q4 public environmental speech hearing medicine basica primary education elementary learning strategies islamic special aspects,6,24,2000.0,EUR,2160.0,1.08,5684.21,observado,True
0124-6542,0124-6542,2389-7732,arquitectura urbanismo arte humanidades b,visual arts performing q2 humanities miscellaneous q3 architecture q4 urban engineering social sciences,5,13,2838.0,EUR,3065.04,1.08,8065.89,observado,True
0120-4874,0123-2576,2357-6308,medicina general interna clinica ciencias medicas salud c,education q4 medical laboratory technology medicine miscellaneous health professions social sciences clinical nursing adult children s women,8,17,1448.6,EUR,1564.49,1.08,4117.08,observado,True
1657-9534,0120-8322,1657-9534,medicina clinica ciencias medicas salud b colombia medica education training educational special aspects theory practice,medicine miscellaneous q4,15,3,300.0,EUR,324.0,1.08,852.63,observado,True
2216-0159,2462-8603,2462-8603,ciencias educacion sociales b,,4,0,2380.0,EUR,2570.4,1.08,6764.21,observado,True
2215-8944,2145-4493,2215-8944,derecho ciencias sociales b academia universidad catolica santisima concepcion,law q4 social sciences legal jurisprudence history public private,9,9,2331.51,EUR,2518.03,1.08,6626.39,observado,True
1900-9178,1850-2067,1900-9178,ingenieria ambiental tecnologia c,crop science soil plant nutrition environmental sustainable agriculture,4,8,60.0,USD,60.0,1.0,157.89,declarado,True
0123-4986,1988-8295,2256-5493,trabajo social sociologia ciencias sociales c,trabajo social work services intervention politics sciences history conditions problems reform general,6,12,267.75,EUR,289.17,1.08,760.97,observado,True
0122-2066,2469-0732,2145-8499,historia arqueologia humanidades c anuario regional fronteras history didactics general europe america latin spanish,,14,0,1878.22,EUR,2028.48,1.08,5338.11,observado,True
2011-4532,,2463-1469,sociologia ciencias sociales c,,4,0,1702.2,EUR,1838.38,1.08,4837.84,observado,True
0124-7913,0718-3607,2027-145X,arquitectura urbanismo arte humanidades a2,fine arts architecture social sciences communities classes races urban groups city sociology,5,12,661.3,EUR,714.2,1.08,1879.47,observado,True
0120-8454,2386-8066,2145-9169,otras humanidades b,,3,0,2258.19,EUR,2438.85,1.08,6418.03,observado,True
1012-8255,0719-6318,1012-8255,otras humanidades c academia latinoamericana administracion,philosophy social sciences humanities general works history scholarship learning,6,9,1828.24,EUR,1974.5,1.08,5196.05,observado,True
0121-8123,1657-0448,2027-9000,reumatologia medicina clinica ciencias medicas salud c,dermatology q4 surgery medicine colombiana reumatologia logi scientific transport logistics warehousing handling vehicle sustainability technology engineering general civil transportation,7,19,150.0,EUR,162.0,1.08,426.32,declarado,True
2215-9177,0123-2576,2215-9177,medicina clinica ciencias medicas salud c,education q4 medical laboratory technology medicine miscellaneous health professions social sciences ces medicina experimental clinical surgery oncology public general,6,19,1448.6,EUR,1564.49,1.08,4117.08,observado,True
1794-6638,2447-3855,2619-4066,derecho ciencias sociales c,rights human social justice law,4,5,1410.32,EUR,1523.15,1.08,4008.29,observado,True
0122-7238,2386-3846,2256-5248,otras humanidades b,,3,0,1828.24,EUR,1974.5,1.08,5196.05,observado,True
0120-0976,0120-0976,2538-9866,otras ciencias sociales c,library information sciences q3 social,4,5,1828.24,EUR,1974.5,1.08,5196.05,observado,True
0120-3932,,2382-3860,negocios management economia ciencias sociales c,management economics education accounting social sciences economic theory demography as science,6,11,1828.49,EUR,1974.77,1.08,5196.76,observado,True
0121-6805,,1909-7719,economia negocios ciencias sociales b facultad economicas investigacion reflexion,management economics education accounting social sciences economic theory demography as science,9,11,1828.49,EUR,1974.77,1.08,5196.76,observado,True
0120-2448,1657-0448,2248-6054,otras ciencias medicas salud c,dermatology q4 surgery medicine medica colombiana biomedical science human health translational clinical practice,5,13,300.0,EUR,324.0,1.08,852.63,observado,True
0120-100X,0123-5095,2145-8480,ingenieria quimica tecnologia c,philosophy q3 arts humanities ion multicultural education educational equity cross cultural theory practice,4,13,405.79,EUR,438.25,1.08,1153.29,observado,True
2011-2173,2011-2173,2422-3719,otras ciencias agricolas b colombiana horticolas,agricultural biological sciences miscellaneous q4 biochemistry genetics molecular biology horticulture,6,10,2000.0,EUR,2160.0,1.08,5684.21,observado,True
0120-0283,0120-0283,2145-8553,ciencias tierra medioambientales naturales b,earth planetary sciences miscellaneous q4 geologia geochemistry geohazards geological mapping stratigraphy palaeontology mineralogy science geology,5,15,300.0,EUR,324.0,1.08,852.63,observado,True
1900-2386,2624-8611,1900-2386,psicologia incluye relaciones hombre maquina ciencias sociales b,psychologia avances disciplina cognitive psychology educational social developmental clinical psychometrics measurement philosophy religion,8,13,1159.0,EUR,1251.72,1.08,3294.0,observado,True
0120-8462,2500-5375,2500-5375,otras humanidades c,,3,0,1828.24,EUR,1974.5,1.08,5196.05,observado,True
0120-789X,2673-4397,2027-0119,urologia nefrologia medicina clinica ciencias medicas salud c,neurology clinical q4 medicine urologia colombiana oncology translational endourology female urology neurourology lithiasis internal specialties diseases genitourinary system,8,18,1000.0,CHF,1130.0,1.13,2973.68,declarado,True
0120-4211,2797-0965,0120-4211,ciencias quimicas naturales c bistua facultad basicas,basica primary education elementary learning strategies islamic special aspects,7,9,2000.0,EUR,2160.0,1.08,5684.21,observado,True
2539-3804,2539-3804,2539-3804,idiomas literatura humanidades c,language sciences linguistics teaching,4,4,1348.15,EUR,1456.0,1.08,3831.58,observado,True
1794-9998,2007-7149,2256-3067,psicologia incluye terapias aprendizaje habla visual otras discapacidades fisicas mentales ciencias sociales b diversitas perspectivas philosophy psychology religion,behavioral sciences clinical psychology occupational educational social psychosocial,18,8,242.0,EUR,261.36,1.08,687.79,observado,True
2011-7922,2011-2084,2011-7922,psicologia ciencias sociales b,psychology miscellaneous q3 psychological neuroscience behaviour psychiatry neurology mental health philosophy religion,4,12,2640.0,EUR,2851.2,1.08,7503.16,observado,True
2145-4426,2453-675X,2145-7778,ciencias sociales interdisciplinaria otras c,trilogia ciencia tecnologia sociedad scientific about technologies technology technics industry education,5,11,315.0,EUR,340.2,1.08,895.26,declarado,True
0121-5051,0121-5051,0121-5051,economia negocios ciencias sociales b innovar administrativas,accounting q4 marketing public administration sociology political science strategy management business social sciences finance organization commerce,7,16,2000.0,EUR,2160.0,1.08,5684.21,observado,True
0121-5612,0121-5612,1900-6004,ciencias politicas sociales a1,history q1 political science relations q3 sociology arts humanities social sciences right human rights environment,4,15,2140.37,EUR,2311.6,1.08,6083.16,observado,True
0124-5376,1657-0448,2539-200X,otras biologias ciencias biologicas naturales b,dermatology q4 surgery medicine biota colombiana artificial intelligence practical innovative uses iot networks smart objects cyber physical systems augmented reality virtual enabled devices science mathematics instruments machines electronic computers computer software technology general cybernetics,6,34,837.19,EUR,904.17,1.08,2379.39,observado,True
0122-1701,2413-4155,2344-7214,otras ingenierias tecnologias ingenieria tecnologia b,scientia et technica sciences technology medicine engineering materials physics science,6,10,1139.73,EUR,1230.91,1.08,3239.24,observado,True
0120-8942,2673-2688,2027-5366,derecho ciencias sociales c,dikaion lo justo artificial intelligence machine learning robotics fuzzy logic neural networks science mathematics instruments machines electronic computers computer,4,19,682.0,EUR,736.56,1.08,1938.32,observado,True
1692-3561,2453-675X,1909-9959,otras ciencias agricolas b,biotecnologia sector agropecuario agroindustrial scientific about technologies technology technics industry education,4,11,2232.92,EUR,2411.55,1.08,6346.18,observado,True
0034-7426,2357-4100,0034-7426,matematica ciencias naturales c,mathematics miscellaneous q4 social science sociology anthropology political demography general sciences,4,11,2331.51,EUR,2518.03,1.08,6626.39,observado,True
2027-2448,2660-6070,2027-2448,otras ciencias sociales c,philosophy humanities political thought social sciences education,4,7,1828.24,EUR,1974.5,1.08,5196.05,observado,True
2011-3188,2215-969X,2215-969X,arquitectura urbanismo arte humanidades c,,5,0,2838.0,EUR,3065.04,1.08,8065.89,observado,True
0122-0667,2998-4971,2539-5203,medicina clinica ciencias medicas salud c,medica risaralda medicine biomedical science human health translational clinical practice,6,10,300.0,EUR,324.0,1.08,852.63,observado,True
0304-3584,2705-3822,2145-7166,ciencias biologicas naturales c,actualidades biologicas biological biotechnology cell molecular biology medical sciences medicine science general,4,12,2648.07,EUR,2859.92,1.08,7526.11,observado,True
1692-6013,0719-529X,2500-8692,otras ciencias sociales c,history q4 political science relations arts humanities social sciences epistemology chilhood gender child abuse sociology general,4,16,2443.03,EUR,2638.47,1.08,6943.34,observado,True
1900-6896,1657-0448,2590-9452,otras humanidades c,dermatology q4 surgery medicine colombiana bioetica biological biotechnology cell molecular biology medical sciences science general,3,15,30000.0,NGN,19.5,0.00065,51.32,declarado,True
0123-9015,2389-7708,2346-0199,oncologia medicina clinica ciencias medicas salud c,nephrology q4 medicine,7,3,2400.0,EUR,2592.0,1.08,6821.05,observado,True
2027-1786,2007-7149,2500-6517,psicologia incluye terapias aprendizaje habla visual otras discapacidades fisicas mentales ciencias sociales c iberoamericana ciencia tecnologia philosophy psychology religion,behavioral sciences clinical psychology occupational educational social psychosocial,19,8,1828.24,EUR,1974.5,1.08,5196.05,observado,True
2027-2103,2682-4515,2027-2103,arte humanidades b,vivienda urbanismo architecture urbanism urban design landscape environmental planning regional development geography anthropology recreation human ecology anthropogeography settlements cities social sciences communities classes races groups city sociology urbanization country,3,29,661.3,EUR,714.2,1.08,1879.47,observado,True
2590-843X,1657-0448,2216-1201,otras ciencias sociales b colombiana,dermatology q4 surgery medicine social sciences general,5,7,2000.0,EUR,2160.0,1.08,5684.21,observado,True
0120-4688,2215-3659,2389-9387,filosofia otras humanidades c praxis filosofica philosophy bioethics latin american thinking psychology religion speculative general,,15,0,2380.0,EUR,2570.4,1.08,6764.21,observado,True
0120-5927,,0120-5927,ciencias educacion sociales b,how education english as foreign language teaching applied linguistics theory practice literature,4,12,1870.0,EUR,2019.6,1.08,5314.74,observado,True
1657-3412,2007-7149,2346-0253,psicologia ciencias sociales c hispanoamericanos philosophy psychology religion,behavioral sciences clinical psychology occupational educational social psychosocial,8,8,1828.24,EUR,1974.5,1.08,5196.05,observado,True
1657-320X,1648-9144,2339-3874,ciencias salud medicas c,archivos medicina experimental medicine clinical surgery oncology public health general,4,10,1448.6,EUR,1564.49,1.08,4117.08,observado,True
2723-4215,2776-9399,2665-5837,ciencias sociales interdisciplinaria otras b,conocimiento global security political economy ethics culture transnational issues science relations,5,11,1571.38,EUR,1697.09,1.08,4466.03,observado,True
2389-8186,2389-8194,2389-8194,economia negocios ciencias sociales c,social sciences commerce finance,5,4,2838.0,EUR,3065.04,1.08,8065.89,observado,True
0120-4483,2665-1327,0120-4483,economia negocios ciencias sociales a2,political science relations q3 economics econometrics q4 finance social sciences economic policy macroeconomics economy financial development theory demography history conditions,5,20,1828.49,EUR,1974.77,1.08,5196.76,observado,True
0120-548X,1900-1649,0120-548X,zoologia ornitologia entomologia ciencias biologicas comportamiento naturales b,agricultural biological sciences miscellaneous q4 science biology general,8,8,2206.05,EUR,2382.53,1.08,6269.82,observado,True
0120-4661,2357-6448,0120-4661,historia arqueologia humanidades b espacio history general europe america latin spanish,history q4 political science relations arts humanities social sciences historiography human,11,11,1116.0,EUR,1205.28,1.08,3171.79,observado,True
0124-5376,2539-200X,0124-5376,ciencias biologicas naturales c,animal science zoology q3 ecology nature landscape conservation evolution behavior systematics q4 plant agricultural biological sciences environmental biology general,4,19,837.19,EUR,904.17,1.08,2379.39,observado,True
1794-8932,2183-9468,1794-8932,educacion general incluye capacitacion pedagogia ciencias sociales c,sophia architecture city image art practice photography fine arts visual,8,10,1294.3,EUR,1397.84,1.08,3678.53,observado,True
0120-100X,2145-8480,0120-100X,ingenieria procesos quimica tecnologia c,philosophy q3 arts humanities fuels biofuels engineering materials science chemical physics bioprocess green technologies chemistry,5,15,405.79,EUR,438.25,1.08,1153.29,observado,True
2011-4532,2463-1469,2011-4532,sociologia ciencias sociales c,iberoamericana desarrollo humano social science work human development sciences general,4,10,1702.2,EUR,1838.38,1.08,4837.84,observado,True
0123-9015,2389-7708,0123-9015,oncologia medicina clinica ciencias medicas salud c,nephrology q4 medicine,7,3,2400.0,EUR,2592.0,1.08,6821.05,observado,True
0120-3886,2390-0016,0120-3886,derecho ciencias sociales c facultad politicas,law q3 social sciences political general comparative uniform jurisprudence science,6,10,2443.03,EUR,2638.47,1.08,6943.34,observado,True
0124-2121,2665-2420,0124-2121,educacion general incluye capacitacion pedagogia ciencias sociales b humanismo curriculum didactics gender pedagogy education,education general social sciences,14,4,2618.0,EUR,2827.44,1.08,7440.63,observado,True
0120-0283,2145-8553,0120-0283,ciencias tierra medioambientales naturales b geologia geology,science geology,7,2,300.0,EUR,324.0,1.08,852.63,observado,True
0122-8803,2322-6889,0122-8803,historia arqueologia humanidades c caribe history historiography costa rican central american latin general europe america spanish philosophy psychology religion doctrinal theology specific doctrines movements heresies schisms,history q4 political science relations arts humanities social sciences,26,9,1116.0,EUR,1205.28,1.08,3171.79,observado,True
1692-5777,2248-8391,1692-5777,ciencias educacion sociales b,gist education learning language bilingualism teaching special aspects literature philology linguistics,4,11,369.55,EUR,399.11,1.08,1050.29,observado,True
0122-7483,2027-1352,0122-7483,matematicas aplicadas matematica ciencias naturales b,science general,6,2,1139.73,EUR,1230.91,1.08,3239.24,observado,True
2011-5474,,2011-5474,educacion general incluye capacitacion pedagogia ciencias sociales c,education special aspects science mathematics,8,5,1828.24,EUR,1974.5,1.08,5196.05,observado,True
1692-6013,2500-8692,1692-6013,otras ciencias sociales c,law q1 sociology political science social sciences socio legal,4,9,2443.03,EUR,2638.47,1.08,6943.34,observado,True
0122-5197,2340-3144,0122-5197,historia arqueologia humanidades b,communication new media marketing public relations strategy branding social sciences language literature philology linguistics mass,4,15,1996.61,EUR,2156.34,1.08,5674.58,observado,True
0124-0579,0120-1867,0124-0579,derecho ciencias sociales b,law q3 political science relations q4 social sciences society socio legal thinking general comparative uniform jurisprudence,4,16,1618.67,EUR,1748.16,1.08,4600.42,observado,True
0120-2448,1657-0448,0120-2448,otras ciencias medicas salud b,dermatology q4 surgery medicine medica colombiana biomedical science human health translational clinical practice,5,13,300.0,EUR,324.0,1.08,852.63,observado,True
0122-7238,2256-5248,0122-7238,otras historias humanidades b historia educacion latinoamericana education history special aspects,,11,0,1828.24,EUR,1974.5,1.08,5196.05,observado,True
1692-2530,2248-4078,1692-2530,derecho ciencias sociales c,private law public policy general comparative uniform jurisprudence,4,8,3345.32,EUR,3612.95,1.08,9507.76,observado,True
1657-4702,2462-859X,1657-4702,filosofia otras humanidades b,,4,0,2492.33,EUR,2691.72,1.08,7083.47,observado,True
1692-715X,2027-7679,1692-715X,sociologia ciencias sociales b latinoamericana ninez juventud,social sciences general,7,3,1828.24,EUR,1974.5,1.08,5196.05,observado,True
0120-3347,2145-4604,0120-3347,otros temas medicina clinica ciencias medicas salud b,anesthesiology pain medicine q4 critical care intensive colombiana anestesiologia logi scientific transport logistics warehousing handling vehicle sustainability technology engineering general civil transportation,8,22,150.0,EUR,162.0,1.08,426.32,declarado,True
2011-0324,2665-4814,2011-0324,derecho ciencias sociales b,sociology social sciences anthropology political science psychology literature,4,8,990.0,EUR,1069.2,1.08,2813.68,observado,True
0034-7418,1909-6356,0034-7418,farmacologia farmacia medicina basica ciencias medicas salud c colombiana quimico farmaceuticas colombia,pharmacology medical q4 toxicology pharmaceutics miscellaneous medicine health sciences public nursing environmental education,12,13,2000.0,EUR,2160.0,1.08,5684.21,observado,True
1657-7027,0719-5338,1657-7027,salud publica ciencias medicas c gerencia politicas,health professions miscellaneous q3 occupational therapy physical sports rehabilitation q4 public environmental speech hearing medicine political science relations sociology latin america policy economy general,7,24,2443.03,EUR,2638.47,1.08,6943.34,observado,True
2248-6046,2011-7663,2248-6046,economia negocios ciencias sociales b,accounting q4 economics econometrics finance marketing strategy management business economic policy history public theory social sciences demography as science,5,19,1828.49,EUR,1974.77,1.08,5196.76,observado,True
1657-320X,1648-9144,1657-320X,ciencias salud medicas c,archivos medicina experimental medicine clinical surgery oncology public health general,4,10,1448.6,EUR,1564.49,1.08,4117.08,observado,True
0120-159X,2256-5485,0120-159X,temas especiales estudios genero sociales familia sociologia ciencias c,arts humanities miscellaneous q3 social sciences q4 epistemology chilhood gender child abuse sociology general,9,14,2505.83,EUR,2706.3,1.08,7121.84,observado,True
1692-0279,2256-4322,1692-0279,negocios management economia ciencias sociales b,social sciences commerce business,6,4,1932.16,EUR,2086.73,1.08,5491.39,observado,True
2027-1786,2500-6517,2027-1786,psicologia incluye terapias aprendizaje habla visual otras discapacidades fisicas mentales ciencias sociales c,psychology social sciences qualitative quantitative methods behavior cognitive,13,8,1828.24,EUR,1974.5,1.08,5196.05,observado,True
2027-4688,2539-4711,2027-4688,historia arqueologia humanidades c fronteras colonial latinoamericana history general europe america latin spanish,history q4 political science relations arts humanities social sciences historiography archive colonial latinamerican latin america,13,15,1116.0,EUR,1205.28,1.08,3171.79,observado,True
0120-386X,2256-3334,0120-386X,salud publica ciencias medicas b facultad nacional,public health sciences medicine aspects,7,5,2390.0,EUR,2581.2,1.08,6792.63,observado,True
0121-0319,2960-8309,0121-0319,otras ciencias medicas salud c,,5,0,5176.12,EUR,5590.21,1.08,14711.08,observado,True
1909-9762,2705-3822,1909-9762,biotecnologia salud ciencias medicas c,ingenieria biomedica biological biotechnology cell molecular biology medical sciences medicine science general,5,12,1120.14,EUR,1209.75,1.08,3183.55,observado,True
0123-4226,2619-2551,0123-4226,otras ciencias agricolas b u d c actualidad divulgacion cientifica,agriculture science health sciences natural iberoamerican region general medicine biology,10,10,895.15,EUR,966.76,1.08,2544.11,observado,True
1900-9895,0120-1867,1900-9895,educacion general incluye capacitacion pedagogia ciencias sociales c,law q3 political science relations q4 social sciences,8,8,1828.24,EUR,1974.5,1.08,5196.05,observado,True
2011-2106,2358-2820,2011-2106,economia negocios ciencias sociales c caribe,real estate finance markets social sciences economic theory demography economics as science,6,12,204.92,EUR,221.31,1.08,582.39,observado,True
1794-6670,2215-9959,1794-6670,artes plasticas visuales arte humanidades c,music q3 visual arts performing linguistics language q4 humanities social sciences musica artes visuales escenicas jrm culture oral traditions performance books literature general show business,6,25,3170.0,EUR,3423.6,1.08,9009.47,observado,True
1794-6190,2339-3459,1794-6190,geografia fisica ciencias tierra medioambientales naturales b,earth planetary sciences miscellaneous q3 esrj geosciences geophysics geology science,7,10,2400.0,EUR,2592.0,1.08,6821.05,observado,True
0120-0488,1517-4549,0120-0488,zoologia ornitologia entomologia ciencias biologicas comportamiento naturales c,insect science q4 agricultural biological sciences sociology social antrophology political general,8,11,2400.0,EUR,2592.0,1.08,6821.05,observado,True
0123-3068,2215-4744,0123-3068,zoologia ornitologia entomologia ciencias biologicas comportamiento naturales a1 cientifico museo historia natural centro museos history historiography costa rican central american latin general europe america spanish philosophy psychology religion doctrinal theology specific doctrines movements heresies schisms,museology q2 conservation q3 arts humanities,35,6,1116.0,EUR,1205.28,1.08,3171.79,observado,True
0123-4986,2256-5493,0123-4986,idiomas literatura humanidades c,trabajo social work family human rights policy problems internal migration sciences history conditions reform,4,14,267.75,EUR,289.17,1.08,760.97,observado,True
0120-4157,2590-7379,0120-4157,otras ciencias medicas salud b biomedica instituto nacional,biochemistry genetics molecular biology miscellaneous q3 medicine,8,7,1549.04,EUR,1672.96,1.08,4402.53,observado,True
2322-9381,2322-9675,2322-9381,historia arqueologia humanidades a2,trashumante public health sciences medicine general,4,6,2618.0,EUR,2827.44,1.08,7440.63,observado,True
0120-4688,2389-9387,0120-4688,filosofia otras humanidades c,philosophy humanities ethics metaphysics,4,4,2380.0,EUR,2570.4,1.08,6764.21,observado,True
0121-8417,2357-4720,0121-8417,historia arqueologia humanidades c,history q4 political science relations arts humanities social sciences general works scholarship learning,4,13,1116.0,EUR,1205.28,1.08,3171.79,observado,True
0122-1701,2413-4155,0122-1701,ingenieria electrica electronica ingenierias informatica tecnologia b,scientia et technica sciences technology medicine engineering materials physics science,7,10,1139.73,EUR,1230.91,1.08,3239.24,observado,True
1657-6357,2709-7005,1657-6357,otras ciencias sociales b sociedad economia,social sciences communities classes races urban groups city sociology regional economics space,6,12,1996.61,EUR,2156.34,1.08,5674.58,observado,True
1657-0308,2357-626X,1657-0308,arquitectura urbanismo arte humanidades b,,5,0,2838.0,EUR,3065.04,1.08,8065.89,observado,True
1657-107X,1853-1326,1657-107X,ciencias educacion sociales b interamericana investigacion pedagogia education teacher training didactics teaching general special aspects theory practice,,17,0,1828.24,EUR,1974.5,1.08,5196.05,observado,True
0120-0976,2538-9866,0120-0976,otras humanidades c,information science archival library bibliography resources,3,6,1828.24,EUR,1974.5,1.08,5196.05,observado,True
1692-3561,1909-9959,1692-3561,agronomia agricultura silvicultura pesca ciencias agricolas b biotecnologia sector agropecuario agroindustrial biotechnology agriculture forestry microbiology engineering food,agriculture general technology chemical biotechnology,17,5,2232.92,EUR,2411.55,1.08,6346.18,observado,True
0120-2952,0123-2576,0120-2952,ciencias veterinarias agricolas b facultad medicina veterinaria zootecnia agriculture animal culture veterinary medicine,education q4 medical laboratory technology medicine miscellaneous health professions social sciences animal husbandry veterinary science dairy,13,16,1448.6,EUR,1564.49,1.08,4117.08,observado,True
0124-4108,2248-454X,0124-4108,nutricion dietas ciencias salud medicas c perspectivas humana feeding dietetic food services nutrition,technology home economics nutrition foods food supply medicine public aspects,13,10,2618.0,EUR,2827.44,1.08,7440.63,observado,True
0121-1617,1900-6152,0121-1617,historia arqueologia humanidades a2,history q4 political science relations arts humanities social sciences historiography,4,10,1116.0,EUR,1205.28,1.08,3171.79,observado,True
2216-0159,2462-8603,2216-0159,educacion general incluye capacitacion pedagogia ciencias sociales c praxis saber philosophy bioethics latin american thinking psychology religion speculative,,18,0,2380.0,EUR,2570.4,1.08,6764.21,observado,True
0121-053X,2346-1829,0121-053X,linguistica idiomas literatura humanidades b,,5,0,1898.13,EUR,2049.98,1.08,5394.68,observado,True
0120-0690,1657-0448,0120-0690,ciencias animales lecheria agricolas b colombiana pecuarias,dermatology q4 surgery medicine animal science veterinary health production farm animals companion agriculture culture,7,14,2000.0,EUR,2160.0,1.08,5684.21,observado,True
0124-2253,2344-8350,0124-2253,otras ciencias naturales c,mathematics technology education engineering social sciences science,4,7,895.15,EUR,966.76,1.08,2544.11,observado,True
0121-4381,1576-8597,0121-4381,psicologia incluye terapias aprendizaje habla visual otras discapacidades fisicas mentales ciencias sociales b,suma psicologica spanish society experimental psychology animal cognition perception attention psycholinguistics human methodology language literature philology linguistics philosophy religion consciousness,13,20,1005.27,EUR,1085.69,1.08,2857.08,observado,True
1657-4206,2462-8107,1657-4206,economia negocios ciencias sociales c ecos,applied economics quantitative analysis economic public policy issues finances social sciences history conditions finance theory demography as science,6,18,204.92,EUR,221.31,1.08,582.39,observado,True
0124-7913,2027-145X,0124-7913,arte humanidades c,arts humanities miscellaneous q2 geography planning development q3 urban social sciences habitat territory public policy architecture vivienda communities classes races groups city sociology,3,23,661.3,EUR,714.2,1.08,1879.47,observado,True
1794-9998,2256-3067,1794-9998,psicologia ciencias sociales b,,4,0,242.0,EUR,261.36,1.08,687.79,observado,True
0121-4772,0120-2596,0121-4772,economia negocios ciencias sociales c,business management accounting miscellaneous q4 economics econometrics finance social sciences sociology political science statistics probability uncertainty decision applied economic theory history conditions,5,22,2908.3,EUR,3140.96,1.08,8265.68,observado,True
0120-9957,2518-7880,0120-9957,gastroenterologia hepatologia medicina clinica ciencias medicas salud c,gastroenterology q4 medicine colombiana gastroenterologia liver disease peptic ulcer intestinal pathology treatment gastrointestinal diseases tract internal specialties digestive system,8,19,500.0,EUR,540.0,1.08,1421.05,declarado,True
0121-5612,1900-6004,0121-5612,ciencias politicas sociales a1,law q4 social sciences political science relations general,4,8,2140.37,EUR,2311.6,1.08,6083.16,observado,True
0121-215X,2256-5442,0121-215X,geociencias multidisciplinario ciencias tierra medioambientales naturales b,geography planning development q3 earth planetary sciences miscellaneous q4 environmental science social,7,12,416.0,EUR,449.28,1.08,1182.32,observado,True
0121-3814,2602-408X,0121-3814,educacion general incluye capacitacion pedagogia ciencias sociales c,tea tecne episteme didaxis islamic culture archaeology history art turkish literature music fine arts general,8,15,2972.0,EUR,3209.76,1.08,8446.74,observado,True
0121-8123,2027-9000,0121-8123,otros temas medicina clinica ciencias medicas salud c,internal medicine q3 pharmaceutical science rehabilitation immunology allergy q4 rheumatology pharmacology toxicology pharmaceutics colombiana reumatologia logi scientific transport logistics warehousing handling vehicle sustainability technology engineering general civil transportation,8,28,150.0,EUR,162.0,1.08,426.32,declarado,True
0120-0739,2256-201X,0120-0739,forestal agricultura silvicultura pesca ciencias agricolas b colombia agriculture forestry,forestry q3 nature landscape conservation soil science q4 agricultural biological sciences environmental silviculture forest ecology biodiversity health,10,17,1999.2,EUR,2159.14,1.08,5681.95,observado,True
0120-3932,,0120-3932,economia negocios ciencias sociales c,management economics education accounting social sciences economic theory demography as science,5,11,1828.49,EUR,1974.77,1.08,5196.76,observado,True
0012-7353,2346-2183,0012-7353,ingenieria civil tecnologia b,engineering miscellaneous q4 technology mining metallurgy,4,6,1657.98,EUR,1790.62,1.08,4712.16,observado,True
2011-2173,1657-0448,2011-2173,otras ciencias agricolas b colombiana horticolas,dermatology q4 surgery medicine,6,4,2000.0,EUR,2160.0,1.08,5684.21,observado,True
0120-6346,2248-4345,0120-6346,economia negocios ciencias sociales c,economics regional development laboral market finance poverty social sciences economic theory demography as science,5,14,1828.49,EUR,1974.77,1.08,5196.76,observado,True
2027-5137,2322-777X,2027-5137,historia arqueologia humanidades c memoria history memory historiography general europe america latin spanish,history q2 arts humanities,13,4,1116.0,EUR,1205.28,1.08,3171.79,observado,True
0124-8170,1909-7735,0124-8170,otras ingenierias tecnologias ingenieria tecnologia b,engineering technology civil materials science electronic general,6,7,1806.0,EUR,1950.48,1.08,5132.84,observado,True
1909-8391,1847-7755,1909-8391,psicologia ciencias sociales b,tesis psicologica sic casopis za knjizevnost kulturu i knjizevno prevodjenje culture literature translation humanities social sciences language general,4,18,1005.27,EUR,1085.69,1.08,2857.08,observado,True
0120-0011,0123-2576,0120-0011,otras ciencias medicas salud c,education q4 medical laboratory technology medicine miscellaneous health professions social sciences public,5,12,1448.6,EUR,1564.49,1.08,4117.08,observado,True
1909-941X,2389-7848,1909-941X,economia negocios ciencias sociales c,business administration economics financial social sciences economic theory demography as science,5,11,2200.0,EUR,2376.0,1.08,6252.63,observado,True
0121-6805,1909-7719,0121-6805,economia negocios ciencias sociales b facultad economicas investigacion reflexion,accounting management economics economy bussines social sciences economic history conditions theory demography as science,9,14,1828.49,EUR,1974.77,1.08,5196.76,observado,True
0122-8102,2346-1691,0122-8102,teoria literaria idiomas literatura humanidades b,literature literary theory q3 arts humanities,6,6,2628.61,EUR,2838.9,1.08,7470.79,observado,True
1900-6586,2500-7645,1900-6586,otras ciencias sociales c,law q2 political science relations public administration safety risk reliability quality social sciences miscellaneous sociology engineering military strategic security defense,4,20,895.15,EUR,966.76,1.08,2544.11,observado,True
1794-2470,,1794-2470,ciencias salud medicas b nova publicacion cientifica,biomedical sciences medical microbiology life medicine general science biology,7,9,2900.0,EUR,3132.0,1.08,8242.11,observado,True
1657-4915,2389-7856,1657-4915,sociologia ciencias sociales c praxis special education,,7,0,2380.0,EUR,2570.4,1.08,6764.21,observado,True
0120-5323,1698-7950,0120-5323,filosofia otras humanidades c universitas philosophica derecho politica,political philosophy law human rights science gender politics general comparative uniform jurisprudence public psychology religion,8,15,2255.17,EUR,2435.58,1.08,6409.42,observado,True
0120-419X,2145-8472,0120-419X,matematica ciencias naturales c integracion applied mathematics statistics,science mathematics,8,2,2594.99,EUR,2802.59,1.08,7375.24,observado,True
0121-4004,2145-2660,0121-4004,farmacologia farmacia medicina basica ciencias medicas salud c,vitae pharmacy pharmaceutical care cosmetics natural products biotechnology food technology chemical processing manufacture social sciences industries land use labor special trades industry,8,22,1176.26,EUR,1270.36,1.08,3343.05,observado,True
0120-2456,2256-5647,0120-2456,historia arqueologia humanidades c,cultural q2 history arts humanities social sciences anuario colombiano historia cultura,4,11,1116.0,EUR,1205.28,1.08,3171.79,observado,True
1692-8261,2216-1368,1692-8261,otras ingenierias tecnologias ingenieria tecnologia b,technology mechanical engineering machinery,6,4,2838.0,EUR,3065.04,1.08,8065.89,observado,True
2145-4892,2256-1102,2145-4892,psicologia incluye terapias aprendizaje habla visual otras discapacidades fisicas mentales ciencias sociales c universidad antioquia philosophy psychology religion,behavioral sciences clinical psychology occupational educational social psychosocial,18,8,242.0,EUR,261.36,1.08,687.79,observado,True
2145-549X,2422-4200,2145-549X,otras humanidades b logos ciencia 6 tecnologia,police science technology general works history scholarship learning humanities social sciences,7,11,243.34,EUR,262.81,1.08,691.61,observado,True
0120-0062,2011-3668,0120-0062,otras humanidades b,philosophy q3 arts humanities,3,4,2709.03,EUR,2925.75,1.08,7699.34,observado,True
0122-5383,2382-4581,0122-5383,ingenieria procesos quimica tecnologia c,ct f ciencia tecnologia futuro chemical engineering earth planetary sciences energy oil alternative sources social industries land use labor special trades policy fuel trade technology,5,25,902.03,EUR,974.19,1.08,2563.66,observado,True
1900-4699,2797-0965,1900-4699,otras biologias ciencias biologicas naturales c facultad basicas,health professions miscellaneous q3 occupational therapy physical sports rehabilitation q4 public environmental speech hearing medicine basica primary education elementary learning strategies islamic special aspects,8,24,2000.0,EUR,2160.0,1.08,5684.21,observado,True
0124-0021,1852-4222,0124-0021,derecho ciencias sociales c dialogos saberes,economics accounting taxation management statistics social sciences economic theory demography,6,10,243.34,EUR,262.81,1.08,691.61,observado,True
0120-8942,2027-5366,0120-8942,derecho ciencias sociales c,philosophy q3 law q4 arts humanities social sciences general comparative uniform jurisprudence,4,12,682.0,EUR,736.56,1.08,1938.32,observado,True
1909-9746,2248-4728,1909-9746,ingenieria electrica electronica ingenierias informatica tecnologia c,technology electrical engineering electronics nuclear,7,5,1661.96,EUR,1794.92,1.08,4723.47,observado,True
0120-8462,2500-5375,0120-8462,filosofia otras humanidades c,,4,0,1828.24,EUR,1974.5,1.08,5196.05,observado,True
2782-4799,2027-1557,2027-1557,medios comunicacion social periodismo comunicaciones ciencias sociales c,luciernaga virtual communication social networks linguistics sociology language literature philology sciences,8,11,2140.37,EUR,2311.6,1.08,6083.16,observado,True
0123-3769,2500-8684,0123-3769,otras humanidades c,,3,0,2838.0,EUR,3065.04,1.08,8065.89,observado,True
0123-3475,1909-8758,0123-3475,biotecnologia agricola alimentos ciencias agricolas b,dermatology q4 surgery medicine bioprospection biotechnology agricultural health bioinformatics technology chemical,6,11,837.19,EUR,904.17,1.08,2379.39,observado,True
0124-0781,2590-8669,0124-0781,ciencias politicas sociales b,history q4 political science relations arts humanities social sciences politics public policies democracy investigation,4,14,2443.03,EUR,2638.47,1.08,6943.34,observado,True
0120-7555,2346-206X,0120-7555,negocios management economia ciencias sociales c,,6,0,1996.61,EUR,2156.34,1.08,5674.58,observado,True
1657-9089,2665-511X,1657-9089,educacion general incluye capacitacion pedagogia ciencias sociales c infancias imagenes childhood language learning teaching child rearing human development education,,19,0,246.1,EUR,265.79,1.08,699.45,observado,True
0121-117X,2619-6573,0121-117X,economia negocios ciencias sociales c ensayos economy economic history macroeconomy microeconomics econometrics,social sciences economic history conditions theory demography economics as science,12,10,204.92,EUR,221.31,1.08,582.39,observado,True
0123-9392,,0123-9392,otras ciencias medicas salud b,,5,0,2675.07,EUR,2889.08,1.08,7602.84,observado,True
1900-9607,0123-2576,1900-9607,ciencias veterinarias agricolas c,education q4 medical laboratory technology medicine miscellaneous health professions social sciences ces medicina veterinaria zootecnia experimental clinical surgery oncology public general,4,21,1448.6,EUR,1564.49,1.08,4117.08,observado,True
2027-2391,2344-7125,2027-2391,ciencias sociales interdisciplinaria otras c kavilando,social conflict territorial disputes exclusion suppression sciences general,6,8,243.59,EUR,263.08,1.08,692.32,observado,True
0122-8900,2463-0470,0122-8900,economia negocios ciencias sociales b panorama economico administration economy business,social sciences industries land use labor management industrial economic theory demography,10,11,1828.49,EUR,1974.77,1.08,5196.76,observado,True
0122-2066,2145-8499,0122-2066,historia arqueologia humanidades c anuario regional fronteras history didactics general europe america latin spanish,,14,0,1878.22,EUR,2028.48,1.08,5338.11,observado,True
0120-3576,,0120-3576,economia negocios ciencias sociales b,management economics education accounting social sciences economic theory demography as science,5,11,1828.49,EUR,1974.77,1.08,5196.76,observado,True
2027-7822,1657-0448,2027-7822,medicina clinica ciencias medicas salud c odontologica colombiana medicine dentistry,dermatology q4 surgery medicine oral health public collective dentistry epidemiology,10,10,575.0,EUR,621.0,1.08,1634.21,observado,True
2145-9932,1852-9429,2145-9932,salud publica ciencias medicas c ces,health professions miscellaneous q3 occupational therapy physical sports rehabilitation q4 public environmental speech hearing medicine epidemiology community care general aspects,6,20,2390.0,EUR,2581.2,1.08,6792.63,observado,True
1657-8651,2346-2159,1657-8651,ciencias politicas sociales b opera observatorio ejecucion resultados administracion publica,public policy elections nation territory political science institutions administration general,10,10,2390.0,EUR,2581.2,1.08,6792.63,observado,True
1657-4214,,1657-4214,economia negocios ciencias sociales a2,management economics education accounting social sciences economic theory demography as science,5,11,1828.49,EUR,1974.77,1.08,5196.76,observado,True
0121-0041,2256-5655,0121-0041,ciencias salud medicas c,neurology clinical q4 medicine,4,4,1448.6,EUR,1564.49,1.08,4117.08,observado,True
1692-8415,,1692-8415,ciencias salud medicas c ciencia tecnologia para visual ocular medicine ophthalmology,vision sciences amblyopia ortoptics contact lenses ocular pharmacology optometry,11,9,3170.0,EUR,3423.6,1.08,9009.47,observado,True
0123-8884,0123-8884,0123-8884,psicologia ciencias sociales c affectio societatis psychoanalysis freud clinical investigation philosophy psychology religion,,13,0,2838.0,EUR,3065.04,1.08,8065.89,observado,True
1794-6638,2619-4066,1794-6638,derecho ciencias sociales c ratio juris,law history legal anthropology philosophy psicology general comparative uniform jurisprudence theory,6,11,1410.32,EUR,1523.15,1.08,4008.29,observado,True
1794-6298,0120-1867,1794-6298,economia negocios ciencias sociales c,law q3 political science relations q4 social sciences economics trade,5,10,3028.04,EUR,3270.28,1.08,8606.0,observado,True
1692-1399,2453-675X,1692-1399,ingenieria produccion otras ingenierias tecnologias tecnologia c,tecnologia scientific about technologies technology technics industry education,7,8,315.0,EUR,340.2,1.08,895.26,declarado,True
2011-3501,,2011-3501,otras ciencias sociales c,dialectica libertadora dor pain anesthesiology cannabinoids management rheumatology medicine,4,9,2838.0,EUR,3065.04,1.08,8065.89,observado,True
1657-9553,,1657-9553,economia negocios ciencias sociales c facultad contables economicas administrativas faccea,health professions miscellaneous q3 occupational therapy physical sports rehabilitation q4 public environmental speech hearing medicine management economics education accounting social sciences economic theory demography as science,10,26,1828.49,EUR,1974.77,1.08,5196.76,observado,True
1794-8347,1679-0375,1794-8347,negocios management economia ciencias sociales b estrategicas,health professions miscellaneous q3 occupational therapy physical sports rehabilitation q4 public environmental speech hearing medicine exact sciences engineering technology general science,7,21,3385.0,EUR,3655.8,1.08,9620.53,observado,True
1909-9851,2521-9715,1909-9851,otras ingenierias tecnologias ingenieria tecnologia c cientifica facultad ciencias veterinarias universidad zulia,veterinary medicine animal science agricultural economics public health food technology,12,10,895.15,EUR,966.76,1.08,2544.11,observado,True
2011-8643,1947-5691,2011-8643,educacion general incluye capacitacion pedagogia ciencias sociales c,magistro geography remote sensing data science geographic information systems anthropology recreation mathematical cartography,8,13,2727.28,EUR,2945.46,1.08,7751.21,observado,True
1692-5238,1729-3804,1692-5238,ingenieria electrica electronica ingenierias informatica tecnologia c s t sistemas telematica tic telematics internet technologies networks,technology electrical engineering electronics nuclear telecommunication,16,6,1314.0,EUR,1419.12,1.08,3734.53,observado,True
2145-6445,0120-1867,2145-6445,otras ciencias sociales b,law q3 political science relations q4 social sciences family gender diversity public policies marriage woman,4,15,1828.24,EUR,1974.5,1.08,5196.05,observado,True
2011-513X,1809-6891,2011-513X,ciencias veterinarias agricolas c,history q4 political science relations arts humanities social sciences ciencia animal behaviour zootechnology health production veterinary medicine agriculture culture,4,19,2244.95,EUR,2424.55,1.08,6380.39,observado,True
2215-7840,2389-7252,2215-7840,ciencias salud medicas c biomedicas medicine general,health professions miscellaneous q3 occupational therapy physical sports rehabilitation q4 public environmental speech hearing medicine biotechnology biomedical sciences basic medical clinical,7,21,1120.14,EUR,1209.75,1.08,3183.55,observado,True
2027-3401,2448-2390,2027-3401,educacion general incluye capacitacion pedagogia ciencias sociales c,,8,0,2838.0,EUR,3065.04,1.08,8065.89,observado,True
1692-7427,2215-7727,1692-7427,ciencias cuidado salud servicios administracion hospitales financiamiento medicas c,agronomy crop science q4 economics econometrics geography planning development agricultural biological sciences finance social actividad fisica desarrollo humano sports physical education physiotherapy psychology athletic performance physiological processes anthropology recreation leisure medicine internal special situations conditions,9,35,2618.0,EUR,2827.44,1.08,7440.63,observado,True
2027-923X,2341-3018,2027-923X,otras ciencias sociales c,,4,0,4188.68,EUR,4523.77,1.08,11904.66,observado,True
0122-6150,2521-9715,0122-6150,otras ciencias sociales c cientifica facultad veterinarias universidad zulia,veterinary medicine animal science agricultural economics public health food technology,9,10,895.15,EUR,966.76,1.08,2544.11,observado,True
0120-4319,2580-5649,0120-4319,odontologia cirugia oral medicina clinica ciencias medicas salud b,design technology engineering general civil,9,5,575.0,EUR,621.0,1.08,1634.21,observado,True
0123-3734,2574-2167,0123-3734,negocios management economia ciencias sociales c,sotavento mba orthopaedic trauma association biomechanics medicine surgery orthopedic,6,9,1900.0,USD,1900.0,1.0,5000.0,declarado,True
2027-4297,2389-7708,2027-4297,ciencias veterinarias agricolas b colombiana animal recia,nephrology q4 medicine veterinary wildlife animal science agriculture,7,8,2244.95,EUR,2424.55,1.08,6380.39,observado,True
0124-6542,0717-6996,0124-6542,arquitectura urbanismo arte humanidades c,,5,0,2838.0,EUR,3065.04,1.08,8065.89,observado,True
1794-4724,2145-4515,1794-4724,psicologia incluye terapias aprendizaje habla visual otras discapacidades fisicas mentales ciencias sociales a1,clinical psychology q4,13,3,1828.24,EUR,1974.5,1.08,5196.05,observado,True
0121-5256,0123-2576,0121-5256,ciencias salud medicas a2,education q4 medical laboratory technology medicine miscellaneous health professions social sciences med biomedical science human translational clinical practice,4,18,1569.89,EUR,1695.48,1.08,4461.79,observado,True
1909-2814,1669-2721,1909-2814,ciencias educacion sociales c,social sciences philosophy humanities ethics politics psychology religion political science general,4,11,2931.6,EUR,3166.13,1.08,8331.92,observado,True
0304-3584,2145-7166,0304-3584,otras biologias ciencias biologicas naturales a2,science biology general,6,3,2648.07,EUR,2859.92,1.08,7526.11,observado,True
0122-0667,2998-4971,0122-0667,otros temas medicina clinica ciencias medicas salud b,medica risaralda medicine biomedical science human health translational clinical practice,8,10,300.0,EUR,324.0,1.08,852.63,observado,True
0123-7756,1657-0448,0123-7756,historia arqueologia humanidades c,dermatology q4 surgery medicine,4,4,1116.0,EUR,1205.28,1.08,3171.79,observado,True
2216-1473,2357-5239,2216-1473,otras humanidades c investigium ire ciencias sociales humanas,psychology sociology anthropology politic science administration history general works scholarship learning humanities social sciences,8,14,2000.0,EUR,2160.0,1.08,5684.21,observado,True
1692-7273,2145-4507,1692-7273,ciencias salud medicas a2 medicine general,health professions miscellaneous q3 occupational therapy physical sports rehabilitation q4 public environmental speech hearing medicine medical sciences,6,17,2000.0,EUR,2160.0,1.08,5684.21,observado,True
0120-0135,2256-2273,0120-0135,agronomia agricultura silvicultura pesca ciencias agricolas b,health professions miscellaneous q3 occupational therapy physical sports rehabilitation q4 public environmental speech hearing medicine agriculture environment sciences,7,18,2000.0,EUR,2160.0,1.08,5684.21,observado,True
1657-3412,,1657-3412,psicologia ciencias sociales c,culture social sciences sociology,4,4,1828.24,EUR,1974.5,1.08,5196.05,observado,True
2145-6569,2007-7149,2145-6569,psicologia incluye terapias aprendizaje habla visual otras discapacidades fisicas mentales ciencias sociales b gepu philosophy psychology religion,behavioral sciences clinical psychology occupational educational social psychosocial,17,8,370.08,EUR,399.69,1.08,1051.82,observado,True
2145-6151,2145-2946,2145-2946,derecho ciencias sociales c digital administrativo,law q3 political science relations q4 social sciences administrative contract general comparative uniform jurisprudence public,6,15,1096.16,EUR,1183.85,1.08,3115.39,observado,True
1657-9550,2705-3822,1657-9550,ciencias salud medicas a2,medicine miscellaneous q4 biosalud biological biotechnology cell molecular biology medical sciences science general,4,13,30000.0,NGN,19.5,0.00065,51.32,declarado,True
2256-3342,1982-5838,2256-3342,ciencias veterinarias agricolas c,agriculture animal sciences,4,3,263.1,EUR,284.15,1.08,747.76,observado,True
1657-0448,1657-0448,1657-0448,otros temas medicina clinica ciencias medicas salud c,dermatology q4 surgery medicine,8,4,1339.36,EUR,1446.51,1.08,3806.61,observado,True
2256-1676,2539-519X,2256-1676,otras ciencias sociales c,technology innovation engineering science general social sciences,4,7,405.79,EUR,438.25,1.08,1153.29,observado,True
0123-1154,1991-2773,0123-1154,otras ciencias sociales b,,4,0,1828.24,EUR,1974.5,1.08,5196.05,observado,True
0123-5931,2256-5450,0123-5931,idiomas literatura humanidades a2 teoria historia critica literary theory comparative literature cultural criticism language general,literature literary theory q2 arts humanities,15,6,1116.0,EUR,1205.28,1.08,3171.79,observado,True
2027-1840,1657-0448,2027-1840,ciencias veterinarias agricolas c,dermatology q4 surgery medicine colombiana ciencia animal nutrition physiology livestock farming breeding welfare products agriculture culture,4,16,2244.95,EUR,2424.55,1.08,6380.39,observado,True
2011-5318,2462-8654,2011-5318,educacion general incluye capacitacion pedagogia ciencias sociales c education teacher training didactics teaching special aspects theory practice,agronomy crop science q4 economics econometrics geography planning development agricultural biological sciences finance social educacion desarrollo,17,16,2676.26,EUR,2890.36,1.08,7606.21,observado,True
1900-9771,2409-5370,1900-9771,economia negocios ciencias sociales c,gestion region regional science economics economic geography urban planning general social sciences,5,12,104.17,EUR,112.5,1.08,296.05,observado,True
2215-7190,2145-4493,2215-7190,ciencias politicas sociales c,law q4 social sciences,4,4,2258.19,EUR,2438.85,1.08,6418.03,observado,True
0122-1213,2389-993X,0122-1213,otras ciencias sociales b prospectiva,social science intervention thought sciences pathology public welfare criminology general,5,10,2838.0,EUR,3065.04,1.08,8065.89,observado,True
0120-5498,2389-8356,0120-5498,ciencias salud medicas b medicina medicine general,education q4 medical laboratory technology medicine miscellaneous health professions social sciences therapeutics care history,7,14,1448.6,EUR,1564.49,1.08,4117.08,observado,True
0120-3630,2357-3740,0120-3630,geologia ciencias tierra medioambientales naturales a2,earth planetary sciences miscellaneous q4 geophysics regional geology geomorphology mineralogy petrography science,6,12,2000.0,EUR,2160.0,1.08,5684.21,observado,True
0120-131X,0123-5095,0120-131X,teologia otras humanidades b cuestiones teologicas filosoficas theology bible pastoral spirituality philosophy psychology religion practical doctrinal,philosophy q3 arts humanities,16,4,1300.0,EUR,1404.0,1.08,3694.74,observado,True
1692-8156,2011-1703,1692-8156,derecho ciencias sociales a2 universidad catolica santisima concepcion,law q3 political science relations q4 social sciences legal jurisprudence history public private,8,13,2647.58,EUR,2859.39,1.08,7524.71,observado,True
0123-4471,2462-9782,0123-4471,antropologia sociologia ciencias sociales b departamento facultad juridicas,health professions miscellaneous q3 occupational therapy physical sports rehabilitation q4 public environmental speech hearing medicine anthropology sociology ethnography ethnology social sciences,8,21,2681.0,EUR,2895.48,1.08,7619.68,observado,True
1909-2407,2215-4744,1909-2407,ciencias salud medicas c historia sanidad line history historiography costa rican central american latin general europe america spanish philosophy psychology religion doctrinal theology specific doctrines movements heresies schisms,,28,0,1116.0,EUR,1205.28,1.08,3171.79,observado,True
2248-7441,2674-113X,2248-7441,computacion ciencias informacion naturales c antioquena computacionales ingenieria software raccis,health professions miscellaneous q3 occupational therapy physical sports rehabilitation q4 public environmental speech hearing medicine software requirements security metrics continuous engineering devops sector systems science mathematics instruments machines electronic computers computer,10,31,1100.87,EUR,1188.94,1.08,3128.79,observado,True
1794-161X,2389-7864,1794-161X,ciencias tierra medioambientales naturales c,biology environmental sciences agriculture geography anthropology recreation science general,5,9,2784.55,EUR,3007.31,1.08,7913.97,observado,True
0120-4874,2357-6308,0120-4874,ciencias salud medicas b,education q4 medical laboratory technology medicine miscellaneous health professions social sciences medicina upb experimental clinical surgery oncology public general,4,19,1448.6,EUR,1564.49,1.08,4117.08,observado,True
1657-723X,2336-3037,1657-723X,medicina clinica ciencias medicas salud c,audiologia hoy logi scientific transport logistics warehousing handling vehicle sustainability technology engineering general civil transportation,6,15,150.0,EUR,162.0,1.08,426.32,declarado,True
0122-9729,1390-8618,0122-9729,sociologia ciencias sociales c retos administracion economia,economy society entrepreneurship innovation creativity marketing public administration social sciences commerce business economic theory demography economics as science,7,18,238.0,EUR,257.04,1.08,676.42,observado,True
2322-9721,2011-6721,2322-9721,estudios generales lenguaje idiomas literatura humanidades c,,7,0,1879.46,EUR,2029.82,1.08,5341.63,observado,True
0120-8748,2422-4022,0120-8748,otros temas medicina clinica ciencias medicas salud a2,neurology clinical q4 medicine,8,4,4123.71,EUR,4453.61,1.08,11720.03,observado,True
1692-5106,2336-3037,1692-5106,ciencias tierra medioambientales naturales c,ustasalud odontologia logi scientific transport logistics warehousing handling vehicle sustainability technology engineering general civil transportation,5,15,150.0,EUR,162.0,1.08,426.32,declarado,True
1692-8989,2317-627X,1692-8989,economia negocios ciencias sociales b region,regional economics agribusiness social sciences industries land use labor economic growth development planning theory demography as science,6,17,204.92,EUR,221.31,1.08,582.39,observado,True
0041-9095,2011-0839,0041-9095,ciencias salud medicas b universitas medica medicine,medicine health,7,2,300.0,EUR,324.0,1.08,852.63,observado,True
0121-2095,2389-7708,0121-2095,radiologia medicina nuclear imagenes clinica ciencias medicas salud c,nephrology q4 medicine colombiana radiologia logi scientific transport logistics warehousing handling vehicle sustainability technology engineering general civil transportation,9,18,2533.25,EUR,2735.91,1.08,7199.76,observado,True
2027-9035,2215-4744,2027-9035,historia arqueologia humanidades b 2 0 history historiography costa rican central american latin general europe america spanish philosophy psychology religion doctrinal theology specific doctrines movements heresies schisms,history q4 political science relations arts humanities social sciences,27,9,1116.0,EUR,1205.28,1.08,3171.79,observado,True
0121-747X,2357-5549,0121-747X,otras ciencias naturales c facultad,biophysics q4 computational theory mathematics molecular biology biochemistry genetics computer science statistics natural sciences biotechnology general,5,16,2000.0,EUR,2160.0,1.08,5684.21,observado,True
2215-8987,2518-2943,2215-8987,arquitectura urbanismo arte humanidades c,,5,0,2838.0,EUR,3065.04,1.08,8065.89,observado,True
0123-7047,2382-4603,0123-7047,ciencias cuidado salud servicios administracion hospitales financiamiento medicas b medunab medicine,nurse assisting q3 health professions miscellaneous q4 medicine nursing psychology public environmental occupational sciences,11,14,5176.12,EUR,5590.21,1.08,14711.08,observado,True
1900-5016,2248-6011,1900-5016,negocios management economia ciencias sociales c latinoamericanos administracion administration economy finance business marketing accounting,social sciences commerce business accounting bookkeeping finance,14,7,1828.24,EUR,1974.5,1.08,5196.05,observado,True
1657-463X,0719-9856,1657-463X,otras ciencias naturales c,philosophy science history technology sociology,4,5,895.15,EUR,966.76,1.08,2544.11,observado,True
2216-0965,2223-859X,2216-0965,derecho ciencias sociales c,eafit law lmjl ldwly llqnwn islamic comparative criminal jurisprudence constitutional,4,10,2329.9,EUR,2516.29,1.08,6621.82,observado,True
2027-1034,2619-3531,2027-1034,ciencias biologicas naturales c bio grafia escritos sobre biologia su ensenanza biology,science biology general,12,3,808.25,EUR,872.91,1.08,2297.13,observado,True
0120-677X,2145-5880,0120-677X,ciencias salud medicas b educacion fisica deporte physical education sport activity sports management leisure recreation special aspects geography anthropology,,19,0,416.0,EUR,449.28,1.08,1182.32,observado,True
2665-3303,2346-4712,2346-4712,educacion general incluye capacitacion pedagogia ciencias sociales c gondola ensenanza aprendizaje,science education natural sciences mathematics learning processes,11,7,2000.0,EUR,2160.0,1.08,5684.21,observado,True
0124-308X,2538-9971,0124-308X,ciencias cuidado salud servicios administracion hospitales financiamiento medicas c facultad universidad cauca medicine general,healthcare health sciences clinical public,14,5,2000.0,EUR,2160.0,1.08,5684.21,observado,True
0120-2650,1657-0448,0120-2650,fisica atomica molecular quimica ciencias fisicas naturales b,dermatology q4 surgery medicine colombiana fisica sic casopis za knjizevnost kulturu i knjizevno prevodjenje culture literature translation humanities social sciences language general,8,22,416.0,EUR,449.28,1.08,1182.32,observado,True
2256-1552,2797-0965,2256-1552,matematica ciencias naturales c,ib informacion basica estadistica primary education elementary learning strategies islamic special aspects,4,12,500000.0,IDR,31.5,6.3e-05,82.89,declarado,True
0123-2576,0123-2576,0123-2576,otras ciencias medicas salud b medicina laboratorio medicine laboratory clinical pathology,education q4 medical laboratory technology medicine miscellaneous health professions social sciences,11,11,1448.6,EUR,1564.49,1.08,4117.08,observado,True
0120-0380,2227-7390,0120-0380,matematicas puras matematica ciencias naturales b,matematicas algebra science mathematics,6,4,237.88,EUR,256.91,1.08,676.08,observado,True
0120-8454,2145-9169,0120-8454,filosofia otras humanidades c,humanities pedagogy education social sciences general,4,6,2258.19,EUR,2438.85,1.08,6418.03,observado,True
2665-2056,2145-5333,2145-5333,ciencias salud medicas c ciencia virtual,health professions miscellaneous q3 occupational therapy physical sports rehabilitation q4 public environmental speech hearing medicine microbiology physiotherapy pharmacy nutrition,6,19,1397.3,EUR,1509.08,1.08,3971.26,observado,True
2027-8918,2705-3822,2027-8918,otras biologias ciencias biologicas naturales c,biodiversidad tropical biological biotechnology cell molecular biology medical sciences medicine science general,6,12,2784.55,EUR,3007.31,1.08,7913.97,observado,True
2145-6194,0120-2596,2145-6194,negocios management economia ciencias sociales c civilizar empresa,business management accounting miscellaneous q4 economics econometrics finance social sciences sociology political science statistics probability uncertainty decision real estate markets economic theory demography as,8,24,2908.3,EUR,3140.96,1.08,8265.68,observado,True
0122-9354,2389-8526,0122-9354,ciencias veterinarias agricolas a2,veterinary medicine science animal health,4,5,380.8,EUR,411.26,1.08,1082.26,observado,True
2145-1362,3005-5857,2145-1362,ciencias salud medicas c r f s facultad universidad surcolombiana,natural sciences social health mathematical logic information tecnology agriculture,10,9,1314.0,EUR,1419.12,1.08,3734.53,observado,True
0120-8705,0123-2576,0120-8705,ciencias salud medicas a2,education q4 medical laboratory technology medicine miscellaneous health professions social sciences ces medicina experimental clinical surgery oncology public general,4,19,1448.6,EUR,1564.49,1.08,4117.08,observado,True
2011-5415,2810-8175,2011-5415,ciencias veterinarias agricolas b,veterinary sciences animal health medicine reproduction nutrition,4,7,500.0,EUR,540.0,1.08,1421.05,observado,True
2215-8405,2619-1822,2215-8405,ciencias tierra medioambientales naturales c teuken bidikay latinoamericana investigacion organizaciones ambiente sociedad organizations accounting management environmental society latin america,social sciences commerce general,19,4,1702.2,EUR,1838.38,1.08,4837.84,observado,True
1657-8236,2580-5649,1657-8236,ciencias computacion informacion naturales b,design technology engineering general civil,5,5,2640.0,EUR,2851.2,1.08,7503.16,observado,True
0120-6788,2595-315X,0120-6788,matematicas aplicadas matematica ciencias naturales b,social science sociology anthropology political demography general sciences,6,8,2331.51,EUR,2518.03,1.08,6626.39,observado,True
1909-5775,2453-675X,1909-5775,otras ingenierias tecnologias ingenieria tecnologia c,i t c investigacion tecnologia ciencia scientific about technologies technology technics industry education,6,13,405.79,EUR,438.25,1.08,1153.29,observado,True
2011-3188,2215-969X,2011-3188,arquitectura urbanismo arte humanidades b,architecture q4 geography planning development urban engineering social sciences,5,9,2838.0,EUR,3065.04,1.08,8065.89,observado,True
0120-4173,2500-7459,0120-4173,otras biologias ciencias biologicas naturales c asociacion colombiana,neurology clinical q4 medicine taxonomy biogeography ecology behaviour molecular biology conservation science general,8,13,2648.07,EUR,2859.92,1.08,7526.11,observado,True
2011-4990,1925-4296,2011-4990,geologia ciencias tierra medioambientales naturales c,ud geomatica earth observations geographic information sciences geodesy global positioning system navigation satellite systems science astronomy geography anthropology recreation general,6,20,865.0,USD,865.0,1.0,2276.32,declarado,True
1692-5114,0718-0527,1692-5114,arte humanidades c m magister analisis sistemico aplicado sociedad geography anthropology recreation,social anthropology sociology latin america,12,5,924.0,EUR,997.92,1.08,2626.11,observado,True
0123-4250,2998-4971,0123-4250,ciencias salud medicas c,medica sanitas medicine biomedical science human health translational clinical practice,4,10,3000.0,USD,3000.0,1.0,7894.74,declarado,True
0120-3800,2500-5669,0120-3800,psicologia incluye terapias aprendizaje habla visual otras discapacidades fisicas mentales ciencias sociales c interamericana ocupacional,work psychology organizational occupational health human resources resource management workplace behavior philosophy religion social sciences industries land use labor industrial behaviour change effectiveness corporate culture,15,25,1828.24,EUR,1974.5,1.08,5196.05,observado,True
0123-2614,2500-5103,0123-2614,otras ciencias sociales c,political science institutions public administration general,4,6,2676.26,EUR,2890.36,1.08,7606.21,observado,True
1909-8642,2619-645X,1909-8642,ingenieria marina naves ambiental tecnologia c,history q4 political science relations arts humanities social sciences ciencia tecnologia buques ship technology cartagena design hydrodynamics dynamics ships vibrations noise construction marine engineering naval,6,25,1791.95,EUR,1935.31,1.08,5092.92,observado,True
1909-230X,2389-7481,1909-230X,ciencias politicas sociales c,history q4 political science relations arts humanities social sciences communication politics institutions public administration general,4,15,2443.03,EUR,2638.47,1.08,6943.34,observado,True
0120-095X,2215-3934,0120-095X,otras humanidades c uis escuela estudios generales general works,humanities humanist thought,9,3,2618.0,EUR,2827.44,1.08,7440.63,observado,True
2027-1433,2340-3144,2027-1433,ciencias biologicas naturales c,communication new media marketing public relations strategy branding social sciences language literature philology linguistics mass,4,15,1996.61,EUR,2156.34,1.08,5674.58,observado,True
1900-9909,2447-794X,1900-9909,medios comunicacion social periodismo comunicaciones ciencias sociales b,,8,0,975.0,EUR,1053.0,1.08,2771.05,observado,True
2011-074X,2007-1868,2011-074X,sociologia ciencias sociales c s philosophy culture psychology religion general,,10,0,1019.3,EUR,1100.84,1.08,2896.95,observado,True
2027-7458,2390-0067,2027-7458,ciencias politicas sociales c analecta politica politics relations,history q4 political science relations arts humanities social sciences general,8,10,2443.03,EUR,2638.47,1.08,6943.34,observado,True
0072-0992,2336-3037,0072-0992,geologia ciencias tierra medioambientales naturales b,neurology clinical q4 medicine geologia colombiana logi scientific transport logistics warehousing handling vehicle sustainability technology engineering general civil transportation,6,19,150.0,EUR,162.0,1.08,426.32,declarado,True
0123-9678,0719-367X,0123-9678,ciencias computacion informacion naturales c,,5,0,2640.0,EUR,2851.2,1.08,7503.16,observado,True
0121-7372,2462-991X,0121-7372,medicina clinica ciencias medicas salud c,dermatology q4 surgery medicine health sciences biomedicine,6,7,1448.6,EUR,1564.49,1.08,4117.08,observado,True
1692-9918,1981-4127,1692-9918,otras ciencias naturales c,social science education human sciences general works geography anthropology recreation environmental,4,11,2331.51,EUR,2518.03,1.08,6626.39,observado,True
1692-3502,2215-4744,1692-3502,otras ciencias sociales c ensayos historia teoria arte history historiography costa rican central american latin general europe america spanish philosophy psychology religion doctrinal theology specific doctrines movements heresies schisms,,29,0,1116.0,EUR,1205.28,1.08,3171.79,observado,True
2027-8047,2715-9256,2027-8047,ciencias salud medicas c una sapuvet publica jurnal pemikiran administrasi negara,public administration policy bureaucracy service governance local government political science institutions asia asian only,11,14,2390.0,EUR,2581.2,1.08,6792.63,observado,True
0123-2592,2244-7490,0123-2592,otras ciencias sociales c dialectica education pedagogy teaching learning inclusion tic general,,12,0,2838.0,EUR,3065.04,1.08,8065.89,observado,True
1657-7663,0719-367X,1657-7663,ciencias computacion informacion naturales c,,5,0,2640.0,EUR,2851.2,1.08,7503.16,observado,True
0122-011X,2215-4744,0122-011X,idiomas literatura humanidades c teoria historia critica history historiography costa rican central american latin general europe america spanish philosophy psychology religion doctrinal theology specific doctrines movements heresies schisms,,28,0,1116.0,EUR,1205.28,1.08,3171.79,observado,True
1900-5121,2751-2614,1900-5121,salud publica ciencias medicas c tipica electronico escolar,energy environment biomedicine artificial intelligence electronic information storage conversion science physics technology,8,12,3200.0,USD,3200.0,1.0,8421.05,declarado,True
0123-4676,2215-4744,0123-4676,historia arqueologia humanidades b fronteras history historiography costa rican central american latin general europe america spanish philosophy psychology religion doctrinal theology specific doctrines movements heresies schisms,history q4 political science relations arts humanities social sciences,26,9,1116.0,EUR,1205.28,1.08,3171.79,observado,True
1909-7891,2358-3452,1909-7891,ingenieria civil tecnologia c vetor ciencias exatas engenharias,vector engineering chemistry exact sciences applied mathematics mathematical modelling technology general civil science,8,13,1104.0,EUR,1192.32,1.08,3137.68,observado,True
1692-3103,0120-1867,1692-3103,derecho ciencias sociales b maestria economico universidad catolica santisima concepcion,law q3 political science relations q4 social sciences legal jurisprudence history public private,10,13,1828.49,EUR,1974.77,1.08,5196.76,observado,True
0120-6680,1988-3242,0120-6680,filosofia otras humanidades c,,4,0,243.34,EUR,262.81,1.08,691.61,observado,True
1657-5946,2215-7727,1657-5946,economia negocios ciencias sociales c gestion desarrollo,agronomy crop science q4 economics econometrics geography planning development agricultural biological sciences finance social economic history conditions theory demography as,7,20,2908.3,EUR,3140.96,1.08,8265.68,observado,True
0120-9833,2543-3717,0120-9833,ingenieria ambiental tecnologia c,energetica energy renewable environment solar thermal social sciences industries land use labor special trades policy fuel trade,4,17,2671.76,EUR,2885.5,1.08,7593.42,observado,True
1692-0880,0123-2576,1692-0880,medicina clinica ciencias medicas salud c,education q4 medical laboratory technology medicine miscellaneous health professions social sciences medicina experimental clinical surgery oncology public general,6,18,1448.6,EUR,1564.49,1.08,4117.08,observado,True
0123-2304,2421-4574,0123-2304,otras humanidades c,temas reflexiones tema technology engineering materials architecture building performance construction practices technical history preservation architectural structural buildings,3,17,400.0,EUR,432.0,1.08,1136.84,declarado,True
0122-9534,2675-6617,0122-9534,ciencias veterinarias agricolas b,,4,0,380.8,EUR,411.26,1.08,1082.26,observado,True
1012-7410,2590-9932,1012-7410,biotecnologia agricola ciencias agricolas c,pasturas tropicales wood technology products management agriculture forestry,5,8,2784.55,EUR,3007.31,1.08,7913.97,observado,True
0123-1952,2786-8788,0123-1952,historia arqueologia humanidades c,utopia siglo xxi relations diplomacy foreign policy history political science general,4,11,600.0,UAH,16.2,0.027,42.63,declarado,True
0121-2532,2600-5727,0121-2532,otras ciencias sociales c,coyuntura social sciences commerce business accounting bookkeeping economic theory demography economics as science,4,13,267.75,EUR,289.17,1.08,760.97,observado,True
0120-3797,2007-7149,0120-3797,psicologia ciencias sociales a2 avances clinica latinoamericana philosophy psychology religion,behavioral sciences clinical psychology occupational educational social psychosocial,10,8,1828.24,EUR,1974.5,1.08,5196.05,observado,True
